A0A,47.505914,-53.104402123456794
A0B,47.537768317460326,-53.63291652380953
A0C,48.411272621621606,-53.7613184054054
A0E,47.44599308510638,-54.92995502127658
A0G,49.18165621794873,-54.36171985897434
A0H,48.26353693333332,-55.83535026666666
A0J,49.468952166666675,-55.76911177777779
A0K,50.54149909523814,-56.60709281904765
A0L,49.12514482352941,-57.820124647058826
A0M,47.7601,-58.285889533333325
A0N,48.17095996969698,-58.568156242424244
A0P,54.3365643125,-60.21070118749999
A0R,53.561492199999996,-66.3702346
A1A,47.595886329670314,-52.71035066733272
A1B,47.56965891035355,-52.74286944823238
A1C,47.563795605128135,-52.715441932307975
A1E,47.53975948178139,-52.748244367408944
A1G,47.51010335714287,-52.756933368131854
A1H,47.49597622619048,-52.815722964285726
A1J,47.476093,-52.783779
A1K,47.65146833734937,-52.723039493975875
A1L,47.537199183139556,-52.876483434593105
A1M,47.601156922465314,-52.84861629622272
A1N,47.52657444444444,-52.80871559259259
a1n,47.528227,-52.901574
A1N,47.516585408977505,-52.80909109476309
A1P,47.50131,-52.801708
A1S,47.45460552592593,-52.76978202962963
A1T,47.663141,-52.738614
A1V,48.960816437325946,-54.61333651810585
A1W,47.5215532468694,-52.9425729338104
A1X,47.49383481198005,-53.0119925823627
A1Y,47.735835827586214,-53.227654793103454
A1Z,47.571504,-52.714466
A2A,48.92977042782149,-55.63302028346455
A2B,48.936296913580236,-55.62886201234568
A2E,45.323776,-75.704469
A2H,48.95100944827582,-57.95386563711014
A2L,47.56871,-52.898365
A2N,48.551590858974336,-58.58808366483511
A2V,52.939478122077865,-66.92095007012986
A2X,47.493708,-53.026312
A3A,45.97086,-66.635828
A3B,47.565554,-52.737888
A3C,49.884374,-97.142715
A3W,47.538364,-52.920413
A4H,50.632391,-57.270619
A4N,44.342145,-79.703438
A5A,48.15517517187503,-53.98774367812498
A7K,44.244022,-76.481735
A8A,49.20187365046295,-57.43155515277768
A8B,47.541723,-52.799507
A8L,48.949432,-57.947465
A9A,46.150738000000004,-64.718553
A9G,48.790957,-54.212583
A9J,49.506592,-56.052526
A9K,51.548506,-55.479763
A9S,44.276269,-76.714271
A9W,50.011248,-125.248199
B0A,46.16578899999999,-59.86721149999999
B0B,44.8570345,-64.21194249999999
B0C,46.668982066666665,-60.418212533333325
B0E,46.02109757894737,-61.097074614035094
B0G,48.06678133333333,-93.41917333333333
B0H,45.447945545454544,-61.63107936363636
B0J,44.65680844827587,-63.49228753448277
B0K,45.61024373529411,-62.90287973529412
B0L,45.75644762500001,-64.22749449999999
B0M,45.50378567999999,-63.97322867999999
B0N,45.054152374999994,-63.64342060000003
B0P,45.03043766666666,-64.61844148148147
B0R,44.498891199999996,-64.6481768
B0S,44.726483476190474,-65.29917471428571
B0T,44.02237386363636,-65.03825413636365
B0V,44.50203809090909,-65.97144736363636
B0W,43.86308584126984,-65.85909895238093
B0X,45.051396499999996,-63.796863
B0Y,43.769164,-65.318759
B1A,46.19469833642259,-59.959608650602426
B1B,46.11660756976746,-59.972205872093056
B1C,45.95554395075756,-59.976347310606016
B1E,46.1844753974359,-60.0152761153846
B1G,46.21025271698117,-60.019042163522045
B1H,46.24318625930233,-60.09042470697676
B1J,45.94219996347041,-60.48202271689498
B1K,45.96207287326733,-60.15891627722767
B1L,46.07565939344262,-60.265456442622934
B1M,46.0967094137931,-60.12380186206896
B1N,46.163458931350114,-60.181961356979464
B1P,46.13617690455346,-60.17901981698768
B1R,46.12713547583645,-60.227244141263924
B1S,46.1145675184502,-60.205376330258304
B1T,45.97840868907564,-60.683033310924365
B1V,46.23987242543858,-60.22868769956142
B1W,45.952067851851865,-60.61435548148149
B1X,46.224680106383005,-60.465606547872305
B1Y,46.23831048708483,-60.318982885608804
B2A,46.1832360558659,-60.28401421787711
B2B,44.6916206,-63.58393120000001
B2C,45.95685896428571,-60.90122144642857
B2E,45.72048605405406,-60.71296472972974
B2G,45.62000058208959,-62.008481415422885
B2H,45.587711933191954,-62.6461957359492
B2J,45.585992354838694,-60.82244791935486
B2K,44.6661922,-63.5617688
B2L,44.803162,-63.532521
B2M,45.09176624999999,-63.308768
B2N,45.359477323554806,-63.27776016479725
B2P,49.158871,-121.958566
B2R,44.76597471666665,-63.57920937222225
B2S,45.009442552572686,-63.51529057718122
B2T,44.85835483749998,-63.592543408333356
B2V,44.661952257879655,-63.490726899713444
B2W,44.67885128585368,-63.51197672195121
B2X,44.6981187246094,-63.54228358789062
B2Y,44.669108670000014,-63.55385585999989
B2Z,44.69664355072465,-63.47785137681159
B3A,44.67874873705715,-63.57845050953672
B3B,44.70459369548871,-63.592297586466145
B3E,44.732914991452986,-63.348797085470075
B3G,44.61653093749996,-63.472839914772706
B3H,44.63877667799113,-63.58896735302805
B3J,44.64759453076926,-63.585990048076646
B3K,44.65839423809524,-63.598977904761895
B3k,44.66713,-63.597478
B3K,44.658429065946,-63.605963055135
B3L,44.64911226382976,-63.61356677588647
B3M,44.672418241192425,-63.65641719105679
B3N,44.645412857758615,-63.628647103448294
B3P,44.623105575144464,-63.60848890751441
B3R,44.601277003533596,-63.60978275618372
B3S,44.65624773619633,-63.66646825153376
B3T,44.593668183823574,-63.730207522058826
B3V,44.5319181459854,-63.594425248175156
B3W,44.67334666666667,-63.52051266666667
B3X,45.544433600000005,-75.5602318
B3Y,45.6937396,-70.284696
B3Z,44.64600413103446,-63.88362723724138
B4A,44.725700622526645,-63.668800945205504
B4B,44.73450962650604,-63.74824042168674
B4C,44.76963871906355,-63.67506220401338
B4E,44.788026643749966,-63.70605053333334
B4G,44.83515886956523,-63.680919231884005
B4H,45.829318853963784,-64.20575187760777
B4J,44.64141,-63.572166
B4K,44.63608,-63.571418
B4L,44.653955,-63.603124
B4M,44.668418,-63.591024
B4N,45.07461809845787,-64.4798008185054
B4P,45.08545523028393,-64.3562493690852
B4R,45.06300663333334,-64.58240363333331
B4V,44.37612013126191,-64.55444892644242
B4W,44.679927,-63.478953
B4X,45.0933675,-64.356499
B4Y,44.648721,-63.545576
B4Z,44.705216,-63.856852
B5A,43.840857900568224,-66.1134998607955
B5B,49.281621,-122.989663
B5N,44.635694,-63.63423
B5W,44.669381,-63.542905
B6B,49.278762,-123.10764
B6C,49.281345,-123.119869
B6E,49.2881425,-123.12272999999999
B6G,44.669942,-63.562968
B6H,49.260907,-123.129038
B6J,49.255683,-123.142009
B6L,45.36691953785314,-63.27324880451969
B6M,49.234647,-123.152074
B6Z,49.27654133333334,-123.12354599999999
B7A,49.134381,-123.098827
B7L,49.309681,-123.070951
B7W,49.400047,-123.249087
B8B,43.465704,-79.683867
B8G,54.552766,-128.63187
B8L,44.645578,-63.596033
B8P,48.456726,-123.332902
B9A,45.63594840198023,-61.37225290297029
B9E,47.065002,-92.3782465
B9K,45.0960245,-63.128214
B9R,49.16457,-123.955139
b9s,49.185956,-123.956408
B9T,49.209191,-124.018022
B9V,49.97404,-125.244624
B9W,49.975261,-125.221101
B9Y,49.241853,-124.790241
C0A,46.28662808695652,-62.95345252173913
C0B,46.55796085714285,-63.912862749999995
C0C,46.358236,-63.4640585
C0E,46.302815,-63.490011
C0H,46.165864,-63.229299
C0N,49.451922,-123.236904
C1A,46.2471243238994,-63.12775830691795
C1B,46.21768147524752,-63.09127952722771
C1C,46.275828145454554,-63.1065896606061
C1E,46.29044136734693,-63.175138653061225
c1e,46.262333,-63.17013
C1E,46.284207,-63.17818833333333
c1e,46.282924,-63.196997
C1E,46.273377637931034,-63.16066400344823
c1e,46.259174,-63.170056
C1E,46.28256471428572,-63.246407
C1J,43.888066,-78.868303
C1K,43.92699,-78.842624
C1N,46.402777114921236,-63.785204553290086
C1R,46.235276,-63.131269
C1V,43.826927,-79.127851
C1W,46.39825,-63.786256
C2E,46.260268,-63.170497
C2G,43.073417,-79.114045
C2J,43.119197,-79.070894
C2N,50.471527,-104.64237
C2S,43.132175,-79.256
C3B,43.024282,-79.219654
C4N,46.7720415,-101.2361625
C4W,43.630908,-79.603554
C5E,43.574773,-79.570928
C5H,49.221179,-122.976352
C5L,45.658067,-73.216643
C5M,43.561219,-79.686008
C5r,49.216906,-122.95896
C6B,49.28447,-123.11229
C6H,43.480433,-79.693155
C6K,43.44808,-79.674635
C6S,43.764309,-79.719802
C6W,43.672866,-79.72238
C6Z,49.278837,-123.128065
C7E,43.876023,-79.716375
C7L,43.353813,-79.768496
C7M,49.321863,-123.05306
C7R,43.327886,-79.789414
C9K,49.348226,-124.441589
C9S,44.329117,-79.540022
E0A,46.22413270212767,-64.7776133829787
E0B,47.78182055882353,-65.3573234117647
E0C,47.042025083333336,-65.43859133333333
E0E,45.837320999999996,-65.84356910526316
E0G,45.40300735087719,-66.55185096491228
E0H,46.0440987368421,-66.83549863157894
E0J,46.48714507692306,-67.32374042307694
E0K,47.583560090909096,-66.90004372727275
E0L,47.32998427272727,-68.23778000000001
E0N,49.760283,-123.156811
E0P,45.724715,-65.525011
E1A,46.09177118292685,-64.71651097560975
E1a,46.127716,-64.873585
E1A,46.094870341463405,-64.72694080487804
e1a,46.093912,-64.695727
E1A,46.09929605536325,-64.74129543737023
E1B,46.059403157219364,-64.7980991368984
E1C,46.09827161601881,-64.8014073015311
E1E,46.07947081843573,-64.81951408659222
E1G,46.12158643837078,-64.88726691854241
E1H,46.1536822011952,-64.74503107171303
E1J,46.01775986792448,-64.81324542641514
E1K,46.01148,-64.613077
E1M,45.255512,-66.074269
E1N,47.018880167804866,-65.4435536643903
E1P,46.216659,-64.565285
E1R,47.702429,-65.044857
E1V,47.01347307479674,-65.55191682682934
E1W,47.76427602970297,-64.94244420297032
E1X,47.490167098995535,-64.95228299426086
E2A,47.59240902308336,-65.66834338994221
E2B,45.94330658333333,-66.34157958333331
E2C,45.9993355,-65.7374925
E2E,45.40991928838951,-65.98106171660429
E2G,45.443178735294076,-65.93234234313722
E2H,45.343962479338856,-66.01628978236917
E2J,45.29402344402036,-66.01116768575068
E2K,45.28823011812867,-66.08152841286547
E2L,45.27407792346943,-66.0603532576528
E2M,45.2566987578616,-66.11158346540878
E2N,45.32466282553193,-65.93735758723406
E2P,45.25971567469881,-65.98377783132531
E2R,45.27528583333333,-66.00875366666666
E2S,45.359776345971596,-65.84075758530811
E2V,45.84259096666666,-66.48388413333332
e2v,45.827731,-66.513259
E2V,45.835753826215004,-66.46914169955824
E2Y,45.829196499999995,-65.3015465
E2Z,46.577957500000004,-66.08410733333334
E3A,45.979622824462005,-66.62538162287659
E3B,45.92354294567176,-66.64060078925353
E3C,45.904210686567204,-66.70711127462685
E3E,45.90875865830722,-66.8216254263323
E3G,46.00913315040651,-66.70204289430892
E3J,45.2927985,-66.027119
E3K,45.907145,-65.7708985
E3L,45.227581125570666,-67.27388755479464
E3M,46.7945426,-75.53519
E3N,47.978159631685145,-66.71061810494447
E3S,45.947634,-66.681391
E3V,47.368096606451594,-68.33531383096769
E3W,48.017607999999996,-66.57182
E3Y,47.06266671660649,-67.71198889891697
E3Z,47.01425737019234,-67.74683454086536
E4A,46.13050069135799,-65.85969443004119
E4B,46.040889264150906,-66.08693500171522
E4C,45.87958495798327,-65.94674981092416
E4E,45.695863344790496,-65.47883237593973
E4G,45.80184004347822,-65.46224837595908
E4H,45.803626402507,-64.73723156267425
E4J,46.01318155693585,-65.04434565424432
E4K,45.95965225408346,-64.5610391125227
E4L,45.91316059618209,-64.35512930690152
E4M,46.104836347272645,-63.982192692727274
E4N,46.21414955038757,-64.32080492248048
E4P,46.217235096345476,-64.481530524917
E4R,46.32182646754676,-64.58939716501641
E4S,46.46990227878796,-64.76259921575748
E4T,46.43127135340739,-65.10392492710002
E4V,46.352733792410696,-64.74748377678574
E4W,46.64735970989753,-64.89136036177469
E4X,46.741571650000004,-65.04083122857139
E4Y,46.732985394021775,-65.37794076358698
E4Z,45.93548912349381,-65.20279301506027
E5A,45.332403566416055,-67.17732547619048
E5B,45.11424741589649,-67.03058711460258
E5C,45.12221723210834,-66.83864408897482
E5E,44.890558945652195,-66.91142284782609
E5G,44.704273560747616,-66.77304815264795
E5H,45.09347284946239,-66.73315217921136
E5J,45.14891337142857,-66.43083143174606
E5K,45.358124787292816,-66.22736762983419
E5L,45.60887066666667,-66.61423176576582
E5M,45.66542923631122,-66.15254993083576
E5N,45.51414729166674,-65.83033908420157
E5P,45.769374736979216,-65.64869245312512
E5R,45.3567873443396,-65.59172382075474
E5S,45.40004217957748,-66.10072475704227
E5T,45.65090724569643,-65.87575347887318
E5V,45.033928255033516,-66.96224808053694
E5Y,45.641343,-65.695456
E6A,46.47031235828879,-66.47059820855615
E6B,46.2766187992126,-66.76642676771661
E6C,46.17903105531916,-66.58602788936176
E6E,46.1076345,-67.15912499999999
E6G,45.994535874172165,-67.25206941390734
E6H,45.861352542662104,-67.55720060068256
E6J,45.59169170408164,-67.30586624489791
E6K,45.743045908928536,-67.01666847321427
E6L,46.03820137222219,-66.92901237777772
E7A,47.28892563059702,-68.62761193283589
E7B,47.43923241935484,-68.36791407258067
E7C,47.354935469733626,-68.20242793704598
E7E,47.2104337090909,-67.93682398181814
E7G,46.936829574193546,-67.47120206451598
E7H,46.74756817063991,-67.67068510790448
E7J,46.534520956043934,-67.61752936263744
E7K,46.42307356330749,-67.70980087080106
E7L,46.45396846571424,-67.50767625999998
E7M,46.15734743191493,-67.60519056489359
E7N,46.081673784119104,-67.58652958064515
E7P,46.316625024282594,-67.48533216114785
E8A,47.52548631596089,-67.38323525407164
E8B,47.651348649532714,-67.2895109345794
E8C,48.05531439798488,-66.37825984130983
E8E,47.98397430410956,-66.38488080547943
E8G,47.90611737988833,-66.006222558659
E8H,43.248637,-79.812744
E8J,47.79502364252335,-65.74435459112144
E8K,47.7018972101449,-65.74198085144918
E8L,47.51914885430464,-65.37343471523184
E8M,47.68875409848485,-65.06628589393934
E8N,47.78599301234568,-65.04541216049392
E8P,47.681959509090916,-64.9174586690909
E8R,47.67968669767444,-65.00851813488381
E8S,47.740337157772565,-64.70063453132266
E8T,47.757330029296874,-64.65413019531253
E8V,47.820508,-64.999384
E8X,47.709987,-65.6983
E9A,47.03385071337579,-64.96094215286622
E9B,46.7219717142857,-65.81162115444016
E9C,46.54437014532874,-66.17227326643597
E9E,46.928070559748406,-65.8228737106918
E9G,47.252928818807376,-65.1245013623853
E9H,47.371263169811336,-64.9892208820755
E9L,45.907169,-64.392016
E9W,43.998382,-80.119174
G0A,47.21193071111109,-71.43245147555555
G0B,47.160512047619044,-62.73511623809526
G0C,48.26149708,-65.31274434000001
G0E,48.527628757575755,-66.71375784848485
G0G,51.03551395744681,-63.76730925531914
G0H,49.25717220833332,-68.160142625
G0J,48.51460722413791,-67.51087768965517
G0K,48.133689541666676,-68.61630695833334
G0L,47.78579212857142,-69.21788172857141
G0M,46.01527007407407,-70.70651959259258
G0N,46.14794560869566,-71.28861704347825
G0P,46.171453360000015,-71.66188828
G0R,46.833426712643664,-70.42225583908048
G0S,46.50316627586208,-71.43929781034481
G0T,48.26112279999998,-69.75667566666665
G0V,48.40638975,-70.94770105
G0W,48.777258839999995,-72.5052438
G0X,46.70107374193548,-72.64339633870969
G0Y,45.84890095238096,-71.14810280952382
G0Z,46.27606552631579,-72.13808300000001
G1A,46.81132609615386,-71.22986638461539
G1B,46.903085642218215,-71.21037893381036
G1C,46.87060420338984,-71.18525772881355
g1c,46.872373,-71.172271
G1C,46.88481675830819,-71.18378228096682
G1E,46.86929904628822,-71.17897376419212
G1G,46.87351150316053,-71.27967892035397
g1g,46.882349,-71.200996
G1G,46.878960930656966,-71.27968768978103
G1H,46.85293155105489,-71.26094094261609
G1J,46.83722862469143,-71.2267807074074
G1K,46.81305679210701,-71.22720219943604
G1L,46.83223390884361,-71.2328785306123
G1M,46.817010178694154,-71.26697217010317
G1N,46.802152857777834,-71.26051732148146
G1P,46.8081107611276,-71.3150986913947
G1R,46.810805596491285,-71.21716329057017
G1S,46.79426606584363,-71.24594285048018
G1T,46.77357688046648,-71.26697937900866
G1V,46.77809448089591,-71.28820914492731
G1W,46.76393412664905,-71.28993211477565
G1X,46.77419032040055,-71.32653572090099
G1Y,46.75696487254904,-71.3520638862745
G2A,46.85608697019868,-71.36273174503316
G2B,46.84356435714288,-71.34077948214286
g2b,46.844487,-71.333199
G2B,46.84516430750895,-71.34773284028601
G2C,46.83039996026487,-71.32836289072847
G2E,46.80651725948715,-71.357120508718
G2G,46.78280108564229,-71.37158258438286
G2H,46.83990353333333,-71.27549750000001
G2J,46.84326622352939,-71.28425041176472
G2K,46.84511913804714,-71.30173282491572
G2L,46.88085800594057,-71.25923287920791
G2M,46.91135452173914,-71.30385095108696
G2N,46.90769513293054,-71.31874920543802
G2P,46.845277,-71.299101
G2R,46.847685,-71.366798
G2S,46.844814,-71.282252
G2V,46.807776000000004,-71.3275225
G2W,46.8982135,-71.3035265
G2Y,45.561554,-73.65712
G3A,46.74152851939657,-71.43001059482756
G3B,46.95508918099546,-71.2978407873303
G3C,47.00445835271321,-71.37279241085268
G3E,46.87426385869567,-71.33181288405794
G3G,46.89971003521121,-71.37021096009383
G3H,46.762620950184555,-71.68577879335791
G3J,46.86236408264461,-71.43835891735543
G3K,46.84550629599999,-71.409369904
G3L,46.89181650649365,-71.81784077142868
G3M,46.67680381491715,-71.7277146104973
G3N,46.864169812854406,-71.60415426654073
G3P,47.611704,-69.644183
G3R,48.538536,-68.8898275
G3S,46.864136,-71.432452
G3V,46.872885,-71.449705
G3X,45.64574,-73.408297
G3Z,47.42650759584298,-70.54105253810619
G4A,47.69594863043481,-70.22763405434783
G4B,50.026471,-66.90008
G4G,46.101151,-71.297422
G4H,46.358327,-72.425953
G4K,48.103661,-69.204136
G4L,48.124482,-69.176466
G4R,50.20951477216621,-66.37466559595958
G4S,50.25514260696518,-66.40474704975126
G4T,47.37822119035198,-61.85606590352027
G4V,49.129693776209685,-66.4750068205645
G4W,48.84058922607651,-67.5175759665072
G4X,48.87945180620157,-64.46174689147283
G4Z,49.21790538501294,-68.17064308268735
G5A,47.66814781524255,-70.13893173210163
G5B,50.02081173293768,-66.89051606231459
G5C,49.19432347328243,-68.27205138549617
G5E,47.094816,-70.98297966666667
G5G,47.64855125,-69.77477400000001
G5H,48.58730155069934,-68.19070862937072
G5J,48.46691007450983,-67.43277495490196
G5L,48.44283260480641,-68.53533928170894
G5M,48.48238710970464,-68.48571996202531
G5N,48.39421971978021,-68.49598801648357
G5P,47.024702000000005,-70.67702299999999
G5R,47.82801279900985,-69.53127175346533
G5T,47.54254833333334,-68.66337091954021
G5V,46.97835563742694,-70.55823214035084
G5X,46.212137579051316,-70.77543412845851
G5Y,46.11601874025975,-70.67682553679658
G5Z,46.10210727631579,-70.6594577039474
G6A,46.13462477981651,-70.67223233944952
G6B,45.58037636141906,-70.88806192461199
G6C,46.75946803571428,-71.12938485119048
G6E,46.446109350078416,-71.02476109733125
G6G,46.101216713292104,-71.29936605332291
G6H,46.089242482824424,-71.31259390458004
G6J,46.65716400840336,-71.30701699579828
G6K,46.70662238650307,-71.29722452147243
G6L,46.20276064971756,-71.81419215819204
G6P,46.05538342718446,-71.95446285072818
G6R,46.03197032222219,-71.969788962963
G6S,46.05271411214956,-71.90809830841121
G6T,46.07095592268044,-71.97134430412372
G6V,46.81079285012289,-71.1667344355036
G6W,46.74841052380951,-71.2343496126511
G6X,46.71690882329315,-71.26753024497992
g6x,46.440137,-71.021958
G6X,46.719342,-71.257049
g6x,48.425293,-71.238184
G6X,46.712232666666665,-71.26555533333332
G6Y,46.051516,-72.0101255
G6Z,46.722394046938774,-71.20026182653062
G7A,46.70182926401864,-71.35058489369156
G7B,48.32733786538459,-70.88835714148348
G7E,45.637403,-73.838004
G7G,48.444962315985194,-71.06827712763325
G7H,48.41471966993965,-71.05080816163137
G7J,48.41492748559673,-71.08618718930049
G7K,48.393636859375,-71.13833340625
G7N,48.321412511737094,-71.12101307042258
G7P,48.51969675647668,-71.2998070751295
G7R,48.316,-70.858236
G7S,48.41934933368648,-71.17710939724563
G7T,48.40086757142858,-71.18315114285714
G7V,48.378479,-71.050617
G7X,48.41312970397112,-71.24750974969928
G7Y,48.38107257142857,-71.26767571428572
G7Z,48.42986571851852,-71.26640845185183
G8A,48.411219105072476,-71.26773189492756
G8B,48.55068498104267,-71.64712989257504
G8C,48.536190250000004,-71.65446162837831
G8E,48.604245985964866,-71.6697200280702
G8G,48.41098105617976,-71.84647614981274
G8H,48.51383759915613,-72.22787143881857
G8J,48.626268726851876,-72.41806046759255
G8K,48.657843773242604,-72.44053413832205
G8L,48.88032337637642,-72.2172632462463
G8M,48.87267265303447,-72.34020679155665
G8N,48.3786195857988,-71.68603918934913
G8P,49.91352474615383,-74.3695875358974
G8R,45.541385,-75.629478
G8S,48.715515,-72.651372
G8T,46.378761076972054,-72.52781761895676
G8V,46.39761142739725,-72.52186926849315
G8W,46.39271466275658,-72.57854534897356
G8Y,46.35357917377047,-72.60724763442603
G8Z,46.346869426127526,-72.56862682115087
G9A,46.34138244114733,-72.55582619386759
G9B,46.31866313333333,-72.63407066666666
g9b,46.290047,-72.664191
G9B,46.30858471153847,-72.634939397929
G9C,46.39251270312501,-72.59277712499998
G9H,46.32555281496067,-72.41358932414701
G9K,48.650317,-72.466271
G9L,46.561648999999996,-73.08921133333332
G9M,46.561177,-72.744141
G9N,46.56340653846151,-72.74263981380297
G9P,46.518559713574085,-72.74538026276464
G9R,46.593881187134485,-72.79897525730995
G9T,46.61503186713279,-72.69096567569933
G9X,47.43117589496403,-72.78094073237406
G9Z,46.330903,-72.592524
H0A,45.7019995,-73.54137433333334
H0H,45.27698925,-75.6508805
H0K,46.039155,-73.693578
H0M,45.001557,-74.646135
H0P,42.584482,-82.184327
H0R,45.829211,-74.043274
H0S,45.441185,-73.736143
H1A,45.672132250859086,-73.49997110767465
H1B,45.64019647959185,-73.50409253514742
H1C,45.655724868512145,-73.55781976470588
H1E,45.63778122817141,-73.5855247429984
H1G,45.610256526785754,-73.62299062400801
H1H,45.59066191950119,-73.63646740362819
H1J,45.610440240601434,-73.57599841604005
H1K,45.61086998113209,-73.55170164150942
h1k,45.545535,-73.547568
H1K,45.6064747131259,-73.5459225737484
H1L,45.601245964182034,-73.51982406292343
H1M,45.586934233644804,-73.55689574205604
H1N,45.57555358736054,-73.53705657249066
H1P,45.59590454741375,-73.59329526293106
H1R,45.585138330948126,-73.6074691288014
H1S,45.580495783333326,-73.58099195714287
H1T,45.573019355172484,-73.5697600103449
H1V,45.56544190631362,-73.5407195274948
H1W,45.54146904331454,-73.54862152542373
H1X,45.55483314403292,-73.56991467489712
H1Y,45.552291020964354,-73.57804898951787
H1Z,45.57425394218748,-73.61470097500002
H2A,45.56168573434122,-73.59886849028076
H2B,45.57212906716423,-73.65285564179098
H2C,45.55965950900905,-73.65424234909912
h2c,45.494311,-73.567449
H2C,45.563367,-73.65913499999999
H2E,45.552199360103636,-73.61091125388604
H2G,45.54601781498832,-73.58950108899303
H2H,45.53702833333333,-73.57428926666667
H2J,45.5307468299663,-73.58151560437707
H2K,45.53269209034267,-73.55148665109034
H2L,45.518316458333324,-73.5610190430109
H2M,45.55483025513195,-73.63272419648092
H2N,45.5395958814815,-73.64769290740735
H2P,45.544946193989055,-73.63273076775938
H2R,45.54175294778069,-73.62068767624024
H2S,45.534422967346934,-73.60868315306122
H2T,45.528167050251284,-73.59273476381907
H2V,45.51886396496348,-73.60920030072988
H2W,45.52120237237239,-73.5810627747747
H2X,45.522057174774744,-73.55894818738737
H2Y,45.51367792682927,-73.54623880691064
H2Z,45.510872812500075,-73.55715337980767
H3A,45.505723278925615,-73.57325342768586
H3B,45.504599954810494,-73.56739074489816
H3C,45.49501048317757,-73.58195991775688
H3E,45.46516984937235,-73.54320000836809
H3G,45.50216434451217,-73.57942368902452
H3H,45.49608281481483,-73.5794765555556
H3J,45.49048162046202,-73.56803489108908
H3K,45.48164444289042,-73.56429036829834
H3L,45.547195792635634,-73.66825380232558
H3M,45.54384945409437,-73.68364569230776
H3N,45.53090817827296,-73.63048081615597
H3P,45.52361694130433,-73.63135820434779
H3R,45.51113141002272,-73.64762581548975
H3r,45.509927,-73.649046
H3R,45.509903,-73.645058
H3S,45.506847660766915,-73.62759653097346
H3T,45.50384655769234,-73.61550874038461
H3V,45.49870121686749,-73.60829378313248
H3W,45.4906217517731,-73.63222784869978
H3X,45.482728530685925,-73.63918661191332
H3Y,45.49005463781324,-73.60527307061503
H3Z,45.483723312643676,-73.59776415632174
H4A,45.47927852569167,-73.61081186758896
H4B,45.47124246341464,-73.62907184552853
H4C,45.47603,-73.58645562500001
h4c,45.516195,-74.500566
H4C,45.4814468908297,-73.58405122707421
H4E,45.45751680214729,-73.59436304141104
H4G,45.46452463577587,-73.57068157327576
H4H,45.44682011598748,-73.580667952978
H4J,45.535113214285694,-73.70231427922072
H4K,45.5299279065934,-73.7206409807693
H4L,45.517675402409644,-73.68247053132534
H4M,45.50175911111113,-73.68499578319782
H4N,45.5292893422819,-73.66399293736012
H4P,45.49942896575343,-73.65857571232881
H4R,45.513038706250036,-73.70259420624993
H4S,45.51141112440191,-73.70848588038282
H4T,45.491912778801904,-73.68540081105992
H4V,45.46780660158311,-73.64790307651717
H4W,45.46850742825114,-73.6655837040358
H4X,45.454726770833354,-73.65103713749996
H4Y,45.481437639534896,-73.71468038372093
H4Z,45.503118691176475,-73.55820927941181
H5A,45.5033586547619,-73.56631385714283
H5B,45.5520374625,-73.56285098750004
H5G,43.6595,-79.384789
H5H,45.49898,-73.566449
H5J,45.529055,-73.57256
H5K,45.500578,-73.565304
H5L,45.545635,-73.659027
H5M,43.73332,-79.428099
H5R,45.566237,-73.836659
H5S,45.510527,-73.623416
H5T,43.650171,-79.39119
H6A,44.596920499999996,-76.5209005
H6B,43.708568,-79.43527900000001
H6J,43.644871,-79.414482
H6N,43.67703,-79.474918
H6S,45.442144,-73.674087
H7A,45.665292656692884,-73.58810023307086
H7B,45.67683959999998,-73.63902665454546
H7C,45.6143703594203,-73.64871246956528
H7E,45.59654301875737,-73.67242875967177
H7G,45.574713165517196,-73.68370061931034
H7H,45.64045087990195,-73.75669887500004
H7J,45.659096763636384,-73.70032878181819
H7K,45.62094084763566,-73.73962967600703
H7L,45.60381888531188,-73.78080676961767
H7M,45.601350176906735,-73.71758756250007
H7N,45.56375914928424,-73.70910027096109
H7P,45.57335562962963,-73.78870670370368
h7p,45.581366,-73.793184
H7P,45.57925969610937,-73.80493012933759
H7R,45.55688482172141,-73.85636103688519
H7S,45.574004939068054,-73.73179139426526
H7T,45.557293096109845,-73.76762602059497
H7V,45.54865588908149,-73.73843822183706
h7v,45.575415,-73.751803
H7V,45.544834,-73.73498
H7W,45.53752839655173,-73.76224978160917
H7X,45.53165029402265,-73.80181560420023
H7Y,45.52444697003751,-73.849961576779
H7Z,45.584268,-73.75236699999999
H8A,45.49896,-73.833211
H8B,45.6153605,-73.76176175
H8C,45.4694735,-73.7400095
H8H,45.4819325,-73.825466
H8M,45.44364,-73.59350549999999
H8N,45.43657855035126,-73.62168703981267
H8P,45.42830233789065,-73.6056753164062
H8R,45.43198495087724,-73.64568666315806
H8S,45.44379579254454,-73.70826763209072
H8T,45.44854163201666,-73.78850411018708
H8V,44.104704,-77.556517
H8W,45.443505,-73.853163
H8X,45.480558,-73.656523
H8Y,45.50770836947786,-73.79703356224891
H8Z,45.506366162995604,-73.83801798458153
H9A,45.49594564840185,-73.82922813013693
H9B,45.49210376211448,-73.79885337224665
H9C,45.49970865957449,-73.871590481383
H9E,45.48662804132232,-73.90204814049585
H9G,45.47602315064937,-73.83686450909093
H9H,45.47143159783911,-73.85831304801926
H9J,45.454394082024436,-73.87714313612571
H9K,45.45785298666663,-73.90203481333334
H9L,45.45519,-73.7834185
H9M,45.51433433333333,-73.789325
H9N,45.49258533333333,-73.634216
H9P,45.45840693663911,-73.76093961157025
H9R,45.4570311963323,-73.80928456310697
H9S,45.444141610491116,-73.76842957031258
H9T,45.4535305,-73.6985745
H9V,45.59176480000001,-73.90538279999998
H9W,45.431351005224684,-73.86524168965516
H9X,45.41453862086951,-73.92968694260871
H9Y,45.49096233333333,-73.79588333333334
H9Z,45.465911000000006,-73.8977605
J0A,45.79971723529411,-71.95730558823529
J0B,45.38075106024097,-71.84474444578312
J0C,45.976380190476185,-72.74947933333333
J0E,45.310519877551016,-72.58563828571428
J0G,46.06213704761905,-72.78436204761906
J0H,45.698219255813946,-73.05725862790696
J0J,45.177983999999995,-73.11329573170731
J0K,46.187892632352956,-73.52361982352943
J0L,45.451974718749995,-73.39948776562504
J0M,56.504514500000006,-74.5223345
J0N,45.59577774418607,-74.03335686046513
J0P,45.420775299999995,-74.22675943333334
J0R,45.89579262790698,-74.13479239534885
J0S,45.14128453571429,-73.97000660714286
J0T,46.19363356363636,-74.59844799999998
J0V,45.712630714285716,-74.81722660000001
J0W,46.76759125000002,-75.45058575
J0X,45.7925763548387,-76.06724327419356
J0Y,49.119390783333365,-77.31183775
J0Z,48.10476903174603,-79.11955607936508
J1A,45.13355648752831,-71.80583352607712
J1B,45.86094,-72.402136
J1C,45.468093062893075,-71.96606994968552
J1E,45.418834326347316,-71.87495844760471
J1G,45.40441195043371,-71.86194172490708
J1H,45.39350494771865,-71.89794724334607
j1h,45.312842,-72.157132
J1H,45.384566,-71.896121
J1J,45.40694928220857,-71.92098353680979
J1K,45.38541993398529,-71.93559255012224
J1L,45.404114256658644,-71.95709843099272
J1M,45.368472651408396,-71.86241731338028
J1N,45.36179529594595,-71.99356574189187
J1P,45.424398,-71.87234
J1R,45.394937377483416,-72.02783832450325
J1S,45.571646938574915,-72.0017192800983
J1T,45.77515227575275,-71.9312428779714
J1V,45.5664095,-74.60667649999999
J1W,45.417018,-72.78714375
J1X,45.28698372184935,-72.15017632960466
J1Y,45.5244405,-73.081513
J1Z,45.9321396240876,-72.45717621897803
J2A,45.833927950715434,-72.41808276947529
J2B,45.86682360347219,-72.48055354999987
J2C,45.88809841877999,-72.50269086017822
J2E,45.9012491346154,-72.5331295192308
J2G,45.40407172767563,-72.73376200253331
J2H,45.414134738947354,-72.71267831578952
J2J,45.398464864406755,-72.7629065889831
J2K,45.218583989974896,-72.7606036779449
J2L,45.30086824489792,-72.67802036734697
J2M,45.36233237837839,-72.60428152252248
J2N,45.28301268765132,-72.97678516222761
J2P,45.573781,-73.4395035
J2R,45.6450592153846,-72.9359780730769
J2S,45.62367632670642,-72.96121534658718
J2T,45.62186627372269,-72.93807666788321
J2V,45.48461525,-72.97778375
J2W,45.35906229213483,-73.28935485168536
J2X,45.314023261797736,-73.22968677415733
J2Y,45.32644617391305,-73.33545810869563
J2Z,45.308785,-73.237991
J3A,45.34904519897966,-73.25662777040819
J3B,45.30556451207728,-73.26397242926143
J3C,45.656594,-73.51877225000001
J3E,45.58432170175436,-73.3344834424951
J3G,45.56574923083782,-73.21626906060595
J3H,45.55289150826041,-73.19330799902818
J3L,45.447430466497025,-73.28239706446132
J3M,45.43305876774194,-73.16331347741941
J3N,45.526990056410256,-73.28389939999994
J3P,46.03256842228958,-73.10419692039424
J3R,46.02785382072178,-73.14027971245628
J3T,46.234461660465115,-72.60896453023253
J3V,45.53046609423077,-73.34275001634619
J3W,45.364135,-73.305863
J3X,45.67574626568267,-73.42520087822882
J3Y,45.49003400984257,-73.41883445538066
J3Z,45.53924109090908,-73.4581264675325
J4A,45.612514999999995,-73.46083966666667
J4B,45.59935363172419,-73.44284848620687
J4C,45.560461,-73.526547
J4E,47.294212,-98.185368
J4G,45.56351956268225,-73.47645847813412
J4H,45.536057919580436,-73.50380197377616
J4J,45.53253035846722,-73.48293376266993
J4K,45.517963208750004,-73.49676596749985
J4L,45.52141700000001,-73.45654
j4l,45.512205,-73.439721
J4L,45.51985959116809,-73.46014592307696
J4M,45.53644993495934,-73.44863035501355
J4N,45.55649054494382,-73.44709414044948
J4P,45.50720163286001,-73.50769207707911
J4R,45.492808491124265,-73.5018801597633
J4S,45.4808632044199,-73.49270975690607
J4T,45.49664223564356,-73.4680537386139
J4V,45.489040700819714,-73.46832170081966
J4W,45.46816719829421,-73.48266210874205
J4X,45.44608113648297,-73.48156499475064
J4Y,45.447431688935325,-73.45989039457199
J4Z,45.458586866666664,-73.42907871111112
j4z,45.466341,-73.466967
J4Z,45.47138068241969,-73.45231966162567
J5A,45.37951559939758,-73.5728630240963
j5a,45.379184,-73.584677
J5A,45.5206998,-73.525864
J5B,45.37978030534348,-73.54296627480917
J5C,45.39872325821599,-73.5660054788732
J5E,45.812676499999995,-73.399278
J5G,45.75599,-73.477756
J5J,45.83031485900783,-73.93614434203656
J5K,45.74816720604397,-74.11890909615379
J5L,45.79114880059524,-74.05917839880948
J5M,45.857555320185625,-73.765170099768
J5N,45.828306,-73.434862
J5P,45.893443500000004,-73.28711050000001
J5R,45.40171377158274,-73.49779853687055
J5S,45.323021,-73.598751
J5T,45.89569449403746,-73.30415925724026
J5V,46.25724497938142,-72.93619922680412
J5W,45.840891413999984,-73.41744329299999
J5X,45.8587862274678,-73.473116241774
J5Y,45.782679861111106,-73.42852083333332
j5y,45.782939,-73.436256
J5Y,45.77278327072758,-73.42481722673428
J5Z,45.75579161538462,-73.49028915384615
j5z,45.723157,-73.48328
J5Z,45.75066619921886,-73.47424152734379
J6A,45.74215720489976,-73.45556433259098
J6B,45.51811733333333,-73.06604783333331
J6E,46.0322462387015,-73.4422969554423
J6G,45.626704,-73.825799
J6H,45.609108,-74.06343025
J6J,45.37042559832651,-73.74218886192467
J6K,45.357813805693084,-73.72550827846537
J6L,45.447785,-73.73512933333333
J6M,45.59264266666667,-73.71026066666667
J6N,45.32045714476188,-73.85203711047619
J6P,46.049086,-71.928714
J6R,45.32175946246244,-73.73568512612617
J6S,45.26729201005488,-74.11688888391232
J6T,45.249001663681625,-74.13189528756233
J6V,45.7207520613497,-73.52701315950918
J6W,45.70063553731346,-73.63316489154234
J6X,45.71583394444446,-73.67258375213675
J6Y,45.69269004814814,-73.75076836666668
J6Z,45.66874814835949,-73.77221822111274
J7A,45.63774379614322,-73.7971019614325
J7B,45.65729846511629,-73.80975274883725
J7C,45.677404847457616,-73.87865044067799
j7c,45.65708,-73.857254
J7C,45.67409980333337,-73.87839933000006
J7E,45.646718960227325,-73.83732798636363
J7G,45.61512095623635,-73.83077598468267
J7H,45.62573749696968,-73.86312578181818
J7J,45.69752239017343,-73.93291324566482
J7K,45.74314239361704,-73.61216769148933
j7k,45.72682,-73.63547
J7K,45.74738974061435,-73.60557101706488
J7L,45.74009584013053,-73.65569072593807
J7M,45.76554222222222,-73.73572636419756
J7N,45.656158225548914,-74.04499325748493
J7P,45.573768319336935,-73.87796822209937
J7R,45.554355185092135,-73.90601625795652
J7S,45.63685733333333,-73.88137633333334
J7T,45.376953097664554,-74.10613145859874
J7V,45.39274045833333,-74.03193841666666
j7v,45.373918,-73.97942
J7V,45.38706712132356,-73.99462859375002
J7W,45.386903793103436,-73.96044979310344
J7X,45.28318511290325,-74.19129219354836
J7Y,45.78989417554472,-74.00740382445518
J7Z,45.77513524067798,-73.99343115084743
J8A,45.91599846706584,-74.00537667465055
J8B,45.954839535416696,-74.14436430208329
J8C,46.04899882157673,-74.27973675311199
J8E,46.14995316530609,-74.59823458979591
J8G,45.682595403508785,-74.42539340852134
J8H,45.660938661581135,-74.34000912482668
J8K,46.77141633333334,-74.24743966666666
J8L,45.59196868328844,-75.42355267115914
J8M,45.53996387447699,-75.45984928451888
J8N,45.69116395968792,-75.6829462470742
J8P,45.49063176407908,-75.63250469254184
J8R,45.509181633825925,-75.63406826272575
J8T,45.48067672727274,-75.69429586363636
j8t,45.626706,-75.375838
J8T,45.477716691068835,-75.70591145461206
J8V,45.51467509693051,-75.73561207915995
J8W,46.2892585,-75.606883
J8X,45.43793490072199,-75.71490523465707
j8x,45.489246,-75.595445
J8X,45.43934,-75.71504150000001
J8Y,45.446818289099525,-75.73839376966815
J8Z,45.47019002118649,-75.75981091949146
J9A,45.434327767097955,-75.75152450092432
J9B,45.531011159863944,-75.8277145612245
J9C,46.77593166666667,-75.42946766666667
J9E,46.37724755411256,-75.96675580952386
J9G,46.385624,-75.982697
J9H,45.400572577593294,-75.82415555269715
J9J,45.427279907563026,-75.8155864957983
j9j,45.438405,-75.802229
J9J,45.42703614864862,-75.828210895753
J9L,46.549984970639,-75.50448653713295
J9M,48.089521,-77.816965
J9N,45.587510666666674,-75.09345333333333
J9P,48.09269475279934,-77.78224942463389
J9R,45.630923,-74.490933
J9S,45.433651,-75.75938466666668
J9T,48.567576778120184,-78.11206206009244
J9V,47.330766865470835,-79.441524
J9W,46.107449,-76.084467
J9X,48.23309859171077,-79.01037586596136
J9Y,48.15386859740258,-79.04304090259745
J9Z,48.79837191411039,-79.20372430265856
K0A,45.2695948376068,-75.73602053846152
K0B,45.480492727272726,-74.79883336363635
K0C,45.14112035,-74.98482675000001
K0E,44.75327040000001,-75.72032420000001
K0G,44.87502217021278,-76.03915525531919
K0H,44.65653006976745,-76.8588405116279
k0h,45.883617,-77.249566
K0H,44.606965888888894,-76.68268700000002
K0J,45.59489579545454,-77.40120952272729
K0K,44.231286377777785,-77.46537208888886
K0k,44.259634,-76.483125
K0K,44.282934000000004,-77.18549166666666
K0L,44.63016363461538,-78.10217750000001
K0M,44.74306173076923,-78.58842646153849
K0N,44.754653,-77.97357033333334
K0P,44.156573,-77.403212
K0R,43.149376,-79.884624
K0S,44.98538775,-76.7215265
K0T,45.490799333333335,-76.94612366666667
K0V,45.498996,-77.542087
K0Z,44.818286,-77.161101
K1A,45.409736307317075,-75.70006052195116
k1a,45.894739,-75.774672
K1A,45.36991766666666,-75.72501833333332
k1a,45.398125,-75.739524
K1A,45.41595218181818,-75.69603863636364
K1B,45.42121987404579,-75.59481507061071
K1C,45.467305299666066,-75.53958229215367
K1E,45.47350515037593,-75.506030887218
K1G,45.39550117512274,-75.63479163011426
K1H,45.390091788029935,-75.66062086034907
k1h,45.382383,-75.644641
K1H,45.382238689189165,-75.66965976689194
K1J,45.43720413829789,-75.61208975531916
k1j,45.399341,-75.630975
K1J,45.44729407328244,-75.61717303816796
K1K,45.43610221245822,-75.6507936006674
K1L,45.423767346153845,-75.66052780769232
k1l,45.303935,-75.908276
K1L,45.437805956026054,-75.66261975732888
K1M,45.4453709398148,-75.67977728703701
k1m,45.429928,-75.675109
K1M,45.123405749999996,-75.89997625000001
K1N,45.426111327380916,-75.6881006547619
K1P,45.3935175583756,-75.74535752030452
K1R,45.40704399103942,-75.71301571146961
K1S,45.400995749293095,-75.68818567577767
K1T,45.330276313725506,-75.61616258823528
k1t,45.367563,-75.641044
K1T,45.351480584415604,-75.63487358116885
K1V,45.35056313709001,-75.67123823885603
K1W,45.43582158407078,-75.52946231858407
K1X,45.2834020757576,-75.63492209090913
K1Y,45.39750990970652,-75.73267873137708
K1Z,45.38585325941427,-75.73887107949798
K2A,45.37375228426394,-75.77029228172592
K2B,45.36157798988441,-75.79112732369936
K2C,45.35968812755109,-75.74260815306104
k2c,45.329053,-75.90709
K2C,45.39380883333333,-75.643346
K2E,45.34217646666668,-75.71917928888891
k2e,45.343506,-75.716875
K2E,45.34828251150446,-75.71686576814156
K2G,45.330708997722134,-75.74717295140475
K2H,45.33135997374178,-75.81589462035016
K2J,45.262287054054035,-75.74479330405404
k2j,45.248637,-75.744808
K2J,45.275551740072224,-75.75397870036093
k2j,45.24559,-75.730105
K2J,45.261325,-75.740646
K2j,45.284633,-75.734467
K2J,45.22497785714284,-75.87654823809525
K2j,45.45388,-75.586332
K2K,45.34604089655171,-75.92518941379312
k2k,45.325449,-75.91777
K2K,45.33371519057374,-75.90876986475409
k2k,45.352947,-75.92675
K2K,45.337157999999995,-75.898011125
K2L,45.30108017845118,-75.8875550656565
K2M,45.282594833333334,-75.85833727777778
k2m,45.291833,-75.85439
K2M,45.289176553658514,-75.85817106585354
k2n,45.311687,-75.891692
K2N,45.36094642857143,-75.77157742857142
K2P,45.415092137931055,-75.69196737931043
K2R,45.28394643548388,-75.80301395161295
K2S,45.26304520563378,-75.9201556366198
k2s,45.396423,-75.695832
K2S,45.25348266666666,-75.90448458333333
K2T,45.317259564516135,-75.9226894758065
K2V,45.29724875555556,-75.90612497777778
K2W,45.35933780898876,-75.95226746067418
K2X,47.5896865,-86.53031150000001
K2Y,45.276789,-75.744048
k2z,50.921065,-113.956951
K3C,49.885599,-97.152648
K3E,46.48280066666666,-82.639944
K3G,49.882453,-97.17557450000001
K3J,46.213982,-81.74259175
K3L,49.208825,-122.924158
K3M,45.285964,-75.86129550000001
K3N,44.17946,-77.441782
K3P,44.035267,-78.326256
K3R,44.217828499999996,-78.01904400000001
K3S,51.129085,-113.951079
K3V,44.622535,-79.43174
K4A,45.46872266186256,-75.48233608314851
K4B,45.413173929078,-75.40491456737591
K4C,45.50057187121214,-75.39714912878789
K4G,44.022504999999995,-79.445178
K4H,45.828721,-64.582194
K4J,43.691869,-79.337601
K4K,45.54690000518136,-75.28171513989638
K4L,45.548025,-75.290958
K4M,45.21555523232325,-75.71412210101009
K4N,44.3620795,-79.64380750000001
K4P,45.25198204761904,-75.57369372789117
K4R,45.26081275757576,-75.35555477272727
K4S,45.260128,-75.723149
K4W,43.644102,-79.616063
K5A,43.592343,-79.629942
K5B,43.570115,-79.633229
K5G,49.534274,-96.767341
K5M,43.5621555,-79.7248535
K5V,44.590667,-75.685561
K5Z,42.977507,-81.206456
K6A,45.60416189312978,-74.60806426908397
K6a,45.032019,-74.688142
K6B,44.2558445,-77.472364
K6C,45.022293,-74.721075
k6g,45.046636,-74.746782
K6G,45.053385,-74.635532
K6H,45.028342224196294,-74.71481466412875
K6J,45.02386484417044,-74.74800133183847
K6K,45.06002619620253,-74.76789786075953
K6M,44.237957,-76.532097
K6R,44.184997499999994,-77.732336
K6S,44.74145666666667,-75.60050700000001
K6T,44.62977000000001,-75.70735670000002
K6V,44.59596567340069,-75.69454049242427
K6X,44.6909965,-76.72680650000001
K6Z,44.557735,-75.731734
K7A,44.899958933008485,-76.01783646406814
K7B,44.657203333333335,-76.73983
k7b,45.469152,-76.682214
K7C,45.1370703446808,-76.14316745673763
K7E,44.234921,-76.493446
K7G,44.334861657635464,-76.16253262068962
K7H,44.897287170385326,-76.25091654969579
K7J,45.036313,-74.75469
K7K,44.24784409356725,-76.48423350041767
K7L,44.23359302646712,-76.49557185040246
K7M,44.238410232236866,-76.55855725460512
K7N,44.227048233502536,-76.64664863451775
K7P,44.262263964360635,-76.58379383647797
K7R,44.24693475261322,-76.95343372822298
K7S,45.43269485288967,-76.3612919281961
K7T,44.254416,-76.585993
K7V,45.471036480559846,-76.6829367293934
K7X,44.265713,-76.498479
K7Y,44.8652105,-76.821016
K7Z,44.840882,-76.08894599999999
K8A,45.82257271722179,-77.12187401700906
K8B,45.73311959090909,-77.10059795454548
K8G,45.894819,-77.291467
K8H,45.89428405708662,-77.26714705708646
K8J,44.921789000000004,-77.8061385
K8L,44.227238,-76.485664
K8M,44.74158366666666,-77.34379200000001
K8N,44.17020460506709,-77.36861727421757
k8n,44.158499,-77.39463
K8N,44.17644316101693,-77.36943846186445
K8P,44.1705245872641,-77.39602110377359
K8R,44.14364834,-77.45364234000003
K8T,44.175123,-77.389815
K8V,44.10566294201521,-77.58175972623572
K8W,44.124292,-77.493824
K8Z,45.939018,-77.307245
K9A,43.96828063813639,-78.17040006825569
K9B,44.3743605,-78.7560045
K9C,43.962027,-78.99584133333333
K9G,44.3084535,-77.24350100000001
K9H,44.316872033117896,-78.3224523473343
K9J,44.293494883144405,-78.32960947662895
K9K,44.28623168154762,-78.35518552678572
K9L,44.32908946190476,-78.30422988571429
K9M,44.304584000000006,-78.319268
K9N,44.19062,-77.256409
K9P,44.154271,-77.3988475
K9S,44.3339395,-78.306918
K9T,43.507719,-79.855037
K9V,44.40453,-78.90412881249999
k9v,44.340993,-78.746374
K9V,44.357400549743545,-78.7354336933333
K9W,43.909042,-80.125035
L0A,44.098417375,-78.55065215624998
L0B,43.91889519230769,-79.11728892307694
L0C,44.152186600000014,-79.11539456
L0E,44.2425335357143,-79.28877660714285
L0G,43.95529644444444,-79.50079633333333
L0g,44.009055,-79.574676
L0G,44.037088818181815,-79.55949690909094
L0H,43.88103503703704,-79.28523788888889
L0J,43.79444070833332,-79.60526754166669
L0K,44.57682533333331,-79.6001310588235
L0L,44.42926429687501,-79.68964601562502
L0M,44.32906406060606,-79.92451845454544
L0N,44.099214,-79.90015600000001
l0n,43.89247,-80.317349
L0N,44.047560179487185,-80.05935033333334
L0P,43.604706666666665,-79.87760960606059
L0R,43.238337750000014,-79.74640353125
L0S,43.056558956521755,-79.23383936956523
L0T,43.733547,-79.54229699999999
L0V,43.878648999999996,-79.424956
L0W,43.87721416666667,-80.0186065
L0X,43.059318,-79.199133
L0Z,44.529634,-80.00724
L1A,43.95614109354843,-78.31067735806455
L1B,43.91156956024095,-78.61394462048193
L1C,43.91579046754681,-78.68956783608364
L1E,43.90557613062094,-78.79422395717347
L1G,43.907591333333336,-78.85528966666668
l1g,43.903138,-78.855323
L1G,43.91698343438216,-78.86121233461239
L1H,43.89267691197186,-78.84296476267603
L1J,43.890737232641435,-78.87481534216172
L1K,43.941702137499995,-78.8473402375
l1k,43.951574,-78.863485
L1K,43.93179198847931,-78.84568909677427
L1L,43.943036968749986,-78.923283125
L1M,43.958797318559554,-78.96382371745152
L1N,43.87690503921568,-78.9298375490196
l1n,43.894031,-79.023806
L1N,43.882687594193996,-78.93198632921552
L1P,43.89064996444442,-78.97101411111113
L1R,43.91072884724691,-78.94221521669635
L1S,43.84277126142748,-79.0224309174017
L1T,43.88483809210527,-79.03938509210529
L1t,43.883593,-79.053637
L1T,43.869492938320256,-79.04557565748031
L1V,43.83426826131504,-79.10486210333039
L1W,43.81892093133804,-79.08790226584505
L1X,43.8540698505435,-79.093645138587
L1Y,43.956300480769215,-79.07946742307692
L1Z,43.87347949342107,-79.01313158881585
l1z,43.866775,-79.026025
L1Z,43.863159499999995,-79.02189480000001
L2A,42.90975281506201,-78.9382189923737
L2B,43.825575,-83.3263615
L2C,43.3590705,-79.42666925
L2E,43.104230400693794,-79.08465073287064
L2G,43.07769646539384,-79.0888341010343
L2H,43.088355833333345,-79.14056027083332
l2h,43.097405,-79.11592
L2H,43.098451504347864,-79.12987288043479
L2J,43.12810634340223,-79.10611611287759
L2K,43.11127775,-79.247537
L2L,43.666205500000004,-79.6414085
L2M,43.19487776111103,-79.21992196269824
L2N,43.19422979783688,-79.2516498144758
L2P,43.15106188288291,-79.21638949549542
L2R,43.16668441402344,-79.2467574674456
L2S,43.149320986577116,-79.2594294161074
L2T,43.139691758913344,-79.22567201018678
L2V,43.117458007741945,-79.20866909290321
L2W,43.18547775555555,-79.29460368888888
L2X,47.23187825,-92.54282549999999
L2Y,43.441778166666666,-79.39420833333334
L2Z,43.70763225,-79.488905
L3A,43.826489499999994,-79.56345575
L3B,42.98821704800813,-79.24128781103163
L3C,43.00219813963209,-79.26430661120412
L3E,43.843030625,-79.524201
L3G,43.82941666666667,-78.80601083333333
L3H,43.623285166666655,-79.4022275
L3J,43.796643888888894,-79.37096322222223
L3K,42.894454579166606,-79.25480969374992
l3k,43.832537,-79.358804
L3L,43.51188177777778,-79.32331844444444
L3M,43.198779388825514,-79.560091995439
L3N,43.6615645,-79.51151862500001
L3P,43.88050201669076,-79.262432712627
L3R,43.85013287417216,-79.32372545309045
L3S,43.84278299435822,-79.27131384344135
L3T,43.8218392321568,-79.39498909803928
L3V,44.607232822804306,-79.41888497842844
L3W,43.197445,-79.87241
l3w,43.638713,-79.602641
L3W,44.356389666666665,-79.52565399999999
L3X,44.04059222292995,-79.4735797622081
L3Y,44.058492477195344,-79.45841341660997
L3Z,44.111551888453995,-79.57037355577305
L4A,43.97288904964539,-79.2566100567376
L4a,43.97214,-79.269758
L4A,43.97066724644549,-79.26900825592422
L4B,43.8554071100671,-79.40271583355707
L4C,43.870191464326204,-79.43871329841454
L4E,43.93919414636868,-79.45730214636872
L4G,43.995326557376984,-79.46848983532043
L4H,43.82670157387243,-79.58710383048208
l4h,43.854053,-79.562718
L4H,43.841658388888895,-79.58850752777778
L4J,43.813019933503874,-79.45007891176469
L4K,43.81087207494653,-79.50609463918626
L4L,43.79252624024758,-79.57961058513933
L4M,44.394745313566204,-79.67436983590575
L4N,44.36781396416754,-79.69406727122367
L4P,44.22334429099681,-79.46900673311892
L4R,44.73884265771028,-79.88020122313092
L4S,43.88889692417059,-79.42507790995269
L4T,43.71777444869828,-79.64783549157723
L4V,43.76532285148513,-79.67593058910887
L4W,43.639576886206946,-79.62055743908039
L4X,43.620069216577555,-79.58310075133687
L4Y,43.60829173668185,-79.59275699695584
L4Z,43.61490575569043,-79.64465232321702
L5A,43.58636800931675,-79.61105460093155
L5B,43.578770399999996,-79.62952591188801
l5b,43.676574,-79.761154
L5B,43.55836027272728,-79.681352
L5C,43.56038711486485,-79.64891678040543
l5c,43.566944,-79.661461
L5C,43.56819550656166,-79.65090531496062
L5E,43.581891144144144,-79.5642251824323
L5G,43.56358790289853,-79.58401871159423
l5g,43.634998,-79.88533
L5G,43.732161000000005,-79.5390664
L5H,43.540511637480776,-79.61691812596011
l5h,43.622619,-79.738875
L5H,43.549009,-79.7258
L5J,43.517604835007184,-79.63439052797716
L5K,43.52874686268655,-79.66181092238811
L5L,43.536268225158544,-79.69204225264272
L5M,43.56648236592177,-79.71683149162007
L5N,43.58818009661493,-79.75636083497872
L5P,43.682939224137925,-79.64439462068964
L5R,43.605982896341345,-79.66799452896345
L5S,43.67334417647061,-79.67494622058825
L5T,43.65432669674188,-79.67005855889713
L5V,43.59850787145974,-79.68917894989113
L5W,43.63096960606062,-79.71661151082253
l5w,43.638263,-79.731593
L5W,43.62711303571429,-79.71252074999998
L5X,43.5943754,-79.73054599999999
L5Y,43.59930700000001,-79.7047722352941
L5Z,43.60259133333333,-79.64905828571426
L6A,43.855315050116594,-79.51350354545457
L6B,43.873782716666646,-79.23132214166664
l6b,43.860612,-79.22568
L6B,43.876544439393975,-79.26793081818185
L6C,43.88673864849626,-79.34446351127818
L6E,43.89379310303028,-79.27953544545457
L6e,43.103291,-79.110519
L6E,43.902913,-79.251649
L6G,43.822420262135886,-79.36817215533988
L6H,43.47758176653688,-79.70315346614782
L6J,43.469263014285744,-79.65983769682545
L6K,43.44171339748197,-79.68788207374097
L6L,43.407774145945936,-79.71113041711705
L6M,43.44617688947932,-79.73960892561097
L6N,43.5903015,-79.74299633333334
L6P,43.78164918274857,-79.69959895614038
L6R,43.75466546130506,-79.75344099999998
L6S,43.73331089651828,-79.73063962475823
L6T,43.70963945319156,-79.70474562978711
L6V,43.702610941690914,-79.7595712900875
L6W,43.68125366666666,-79.7366912222222
l6w,43.693176,-79.749368
L6W,43.67763999710563,-79.7359486367585
L6X,43.681936420770874,-79.78491938972178
L6Y,43.65982749258155,-79.75260984668661
L6Z,43.72564027919466,-79.79331606040272
L7A,43.703069732223874,-79.82270697125576
L7B,43.92690720175437,-79.54671526315784
L7C,43.79932428220858,-79.87579988957049
l7c,43.679733,-79.821338
L7C,43.72286808,-79.81951604
L7E,43.89385900561801,-79.75779830898885
L7G,43.64785717867445,-79.90890653410203
L7H,43.54699090909091,-79.79469127272728
L7J,43.633926930232576,-80.03692134366926
l7j,43.408634,-79.803266
L7J,43.453226,-79.683223
L7K,43.87041441407868,-79.99823978467913
L7L,43.375640833467436,-79.76391943604193
L7M,43.38116932290495,-79.81565170391063
L7N,43.35454172693031,-79.77728632015065
L7P,43.3602201410891,-79.83641888737618
L7R,43.3382232183755,-79.79946519307566
L7S,43.32774635507244,-79.80886298913046
L7T,43.31358362790691,-79.83977433643406
L7V,43.8240524,-79.5129618
L7W,43.51566759999999,-79.6578328
L7X,43.6524042,-79.6548248
L7Y,43.6525785,-79.85282275
L7Z,43.64917329411766,-79.73059347058822
L8A,43.4962726,-79.7533996
L8B,43.264973,-79.83119830000001
L8C,43.328672,-79.72120762499999
L8E,43.227983684903776,-79.721521710233
L8G,43.2178880141026,-79.74570201282053
L8H,43.24758168276444,-79.79646897502074
L8J,43.19002383514492,-79.77171255978257
L8K,43.227464043731764,-79.79997437609333
L8L,43.258867876146795,-79.84486861697242
L8M,43.247588268817196,-79.83680456129035
L8N,43.25412788561527,-79.8569238994797
l8n,43.25328,-79.841606
L8N,43.31975816666667,-79.8229785
L8P,43.25346291895605,-79.8804906030219
L8R,43.26062937639196,-79.87326090200445
L8S,43.25845770692194,-79.91298606627389
L8T,43.22395360349458,-79.83004037365589
L8V,43.22776646675712,-79.84899292808684
L8W,43.20227045780967,-79.85038868402154
L8X,43.648662,-79.505538
L8Y,43.468227,-80.4572594
L8Z,43.248313,-79.826444
L9A,43.23213993349752,-79.86867035221675
L9B,43.21454019587626,-79.88686123711345
L9C,43.23109450708662,-79.90226953779519
L9E,43.58006571428571,-79.8835217142857
L9G,43.22009415214565,-79.9820162457737
L9H,43.27254510855264,-79.95636203124995
L9J,43.4989505632184,-79.8544983103448
L9K,43.237703648648655,-79.9263742648648
L9L,44.05472158730154,-79.0287911904762
L9M,44.73483183959046,-79.93424371672359
L9N,44.0838451627907,-79.51768873837209
L9P,44.08280656828193,-79.15269336563871
L9R,44.14667090397347,-79.85379704635768
L9S,44.327019342002586,-79.58033453706115
L9T,43.51477568853552,-79.86847099999991
L9V,44.06047897183099,-80.14175938028171
l9v,44.083051,-80.205765
L9V,44.08497637254903,-80.1819630980392
l9v,44.079572,-80.203374
L9V,43.91470826923076,-80.13430892307693
L9W,43.917972389749686,-80.10603039213345
l9w,43.89247,-80.317349
L9W,43.94140028571427,-80.08546447619048
L9X,43.991322000000004,-79.70439466666666
L9Y,44.48746566274098,-80.22450053211988
L9Z,44.496894724604964,-80.04288574717826
M0A,42.790056,-80.216369
M0B,43.471485,-80.770209
M0C,44.259557,-80.609138
M0G,44.076941500000004,-81.09344975
M0H,43.655208,-79.431724
M0J,43.18225,-80.895821
M0K,43.596201,-80.4039705
M0M,43.477410000000006,-80.4087665
M0P,43.1848265,-80.86115849999999
M0V,43.640477,-79.397808
M0Z,43.654318,-79.484534
M1A,43.59230983333333,-79.34275166666666
M1B,43.80578064084506,-79.20769364386317
M1C,43.78687464596275,-79.15554724099381
M1E,43.76544862958432,-79.19201904034229
M1G,43.767444828571406,-79.2192576857143
M1H,43.76467496467995,-79.24541453200888
M1J,43.7453623780488,-79.23810663414643
M1K,43.728812047029656,-79.26398576980192
M1L,43.709282828532224,-79.28455363511667
M1M,43.726359338181844,-79.23375578727276
M1N,43.696852710884365,-79.26484429081627
M1P,43.75920684085223,-79.27149123684202
M1R,43.746269424452144,-79.30557520645918
M1S,43.79243877958745,-79.27095310857798
M1T,43.78150323180077,-79.3038055421456
M1V,43.81702843995385,-79.2820629237875
M1W,43.79790375438596,-79.32081722982454
M1X,43.825532604938296,-79.22383964197539
M1Y,43.988976750000006,-78.59595225
M1Z,43.8094755,-79.18321033333334
M2A,43.70663066666666,-79.557024
m2a,43.716934,-79.447433
M2B,43.723087642857145,-79.38226335714285
M2C,43.765173,-79.347604
M2E,43.779877,-79.354979
M2G,43.67429766666666,-79.48598755555555
M2H,43.800073372233356,-79.35948801006036
M2J,43.77991965206184,-79.34807008762884
M2K,43.77466281609196,-79.38942651494236
M2L,43.752103591780845,-79.38388446027399
M2M,43.78864626772788,-79.41247808104187
M2N,43.76907453509499,-79.41055625350954
M2P,43.74856718367351,-79.39945875918372
M2R,43.77853071828366,-79.43733722574619
M2S,43.7691148,-79.3521982
M2T,43.7194475,-79.3961745
m2t,45.465114,-75.702049
M2T,43.790296,-79.354143
M2V,43.73259907692308,-79.38941646153846
M2W,43.749176999999996,-79.41795775
m2w,43.670678,-79.384771
M2W,43.76368566666667,-79.38572366666666
M2X,43.618874,-79.494568
M2Y,43.796499,-79.339775
M2Z,43.691721333333334,-79.37263933333334
M3A,43.75291475923186,-79.33003877991133
M3B,43.74544323819306,-79.35800481724853
M3C,43.72530782945735,-79.34374945736407
M3E,43.730667333333336,-79.32394833333333
M3G,44.35446410000001,-81.1421368
M3H,43.7516785372973,-79.44658081729732
M3J,43.76256411012436,-79.48251105328603
M3K,43.73396849115042,-79.46705769026542
M3L,43.73431050769225,-79.50845569230775
M3M,43.73050699331851,-79.49075284855238
M3N,43.75511345292623,-79.51641549618313
m3p,43.773655,-79.496359
M3P,43.729640749999994,-79.36128475000001
M3R,43.76323366666667,-79.40057583333333
M3S,43.73480566666667,-79.44988299999999
M3s,43.75786,-79.328378
M3S,43.673202,-79.39578449999999
M3T,43.795849000000004,-79.4285815
m3t,43.751185,-79.462918
M3T,43.5886542,-79.63498100000001
M3V,43.75697653846154,-79.42949807692308
M3W,43.495118500000004,-79.646092125
M3Y,43.49895575,-79.67246787500001
M4A,43.72557844927538,-79.31428533913049
M4B,43.707361448637364,-79.30846874842781
M4C,43.69055105311772,-79.31367695034653
M4E,43.679405862962916,-79.29692946851853
M4G,43.70627028501633,-79.37026378827363
M4H,43.704364604316616,-79.35104368345326
M4J,43.68678717529879,-79.33702310491378
m4j,43.840025,-79.471203
M4J,43.687449,-79.335288
M4K,43.68407016258739,-79.35833311538462
M4L,43.67270436106191,-79.31946428849561
M4M,43.66355229065037,-79.34688189227644
M4N,43.72602567722772,-79.39674968514841
M4P,43.705135454545456,-79.40621922727274
M4p,43.710835,-79.378714
M4P,43.70824797738695,-79.396683977387
M4R,43.71269631923082,-79.40480242307702
M4S,43.69926116470584,-79.39547102588227
M4T,43.68766971388103,-79.39061647308792
M4V,43.684465539759024,-79.39784273012052
M4W,43.67650320776697,-79.38243915145632
M4X,43.66850894797688,-79.36957510404619
M4Y,43.671993028720635,-79.37871187728457
M4Z,43.6567968,-79.4079692
M5A,43.65572497585222,-79.36776418181815
M5B,43.658001468354406,-79.3801892911394
M5C,43.654264016901415,-79.39919038028174
M5E,43.649087893518576,-79.37944619444441
M5G,43.658253468750004,-79.38549059027783
M5H,43.64967121290324,-79.3994616731185
M5J,43.647346852367676,-79.38288996657391
M5K,43.65238475000001,-79.38229044444444
m5k,43.638393,-79.42932
M5K,43.64732530952384,-79.39650382142864
M5L,43.65291325531914,-79.3849507553192
M5M,43.73027584122138,-79.41777934503811
M5N,43.70919712531327,-79.41832195989977
M5P,43.69558873695649,-79.41123228260871
M5R,43.67309734782606,-79.40199436956523
M5S,43.664073448979615,-79.39786463718832
M5T,43.65365878774615,-79.39733898468279
M5V,43.6461252819237,-79.39817867164174
M5W,43.64750897358908,-79.37583487034836
m5w,43.689108,-79.587283
M5W,43.651266860465114,-79.39271055813947
M5X,43.65510535353536,-79.38092759595962
M5Y,43.57066822222222,-79.62545722222224
M5Z,43.379341,-80.1141116
M6A,43.717164992481166,-79.4530513909774
M6B,43.706701223602494,-79.44605225776394
M6C,43.688807253054165,-79.43738053577664
M6E,43.68863440408164,-79.44897010204075
M6G,43.6699238871528,-79.4179364930556
M6H,43.66583463149605,-79.43495928503934
M6J,43.65112016974173,-79.41212997232469
M6K,43.64337608793965,-79.43069847236184
m6k,43.707675,-79.503485
M6K,43.64184438095234,-79.41958994285714
M6L,43.71384319806768,-79.48585165700482
M6M,43.692991793491856,-79.47965133291616
M6N,43.676862,-79.478916
m6n,43.673513,-79.470333
M6N,43.6757533837357,-79.47817896696309
M6P,43.66210154545453,-79.4582320535714
M6R,43.6478795793451,-79.44744020151137
M6S,43.651634294277926,-79.4835360013623
M6T,43.644571,-79.421616
M6V,43.654786727272736,-79.43908877272726
M6W,43.67788591666666,-79.52171366666666
M6X,43.6661235,-79.44864716666667
M6Y,43.666400333333335,-79.56287266666668
M6Z,43.64767533333333,-79.47451133333333
M7A,43.66470584671534,-79.38806589051094
M7B,43.7024465,-79.4417165
M7C,43.64794,-79.392937
M7H,43.7538,-79.447335
M7J,43.654031,-79.414328
M7K,43.638775,-79.416313
M7M,43.573364999999995,-79.611724
M7N,43.760618666666666,-79.40926433333333
M7P,43.685765,-79.383335
M7S,42.96234,-82.350011
M7T,42.975235,-82.406098
M7X,43.78069844221105,-79.25034835175884
M7Y,43.72293897686832,-79.28217539857644
M7Z,43.780969999999996,-79.25051600000005
M8A,43.61977125,-79.50535887499998
M8B,43.6371329,-79.4813918
M8C,43.6591805,-79.576556
M8G,43.66189,-79.424208
M8H,43.15081166666667,-80.48884866666667
M8J,43.621272,-79.482585
M8K,43.647214500000004,-79.47102749999999
M8L,43.636948,-79.530543
M8M,43.657878499999995,-79.476411
M8N,43.65074585714286,-79.49194328571427
M8P,43.660001,-79.451967
M8R,43.633231,-79.4780205
M8T,43.62509,-79.4874085
M8V,43.60761254530204,-79.49976693120809
M8W,43.601631058252444,-79.53615280443837
M8X,43.65185465217392,-79.51085280706523
M8Y,43.63417011456631,-79.49717367757769
M8Z,43.62981685621625,-79.51746763027037
M9A,43.66621327534414,-79.5244261576971
M9B,43.652366873757515,-79.55096448210746
M9C,43.643101069930104,-79.57667475641018
M9E,43.738125,-79.450617
M9G,43.354001200000006,-80.2164648
M9H,43.702056,-79.507612
m9h,43.708464,-79.569977
M9H,43.709503000000005,-79.515852
M9J,43.826133,-79.18265625000001
M9K,43.688186333333334,-79.48324533333333
M9L,43.75676020754716,-79.55925138814018
M9M,43.738679157517915,-79.52650729594271
M9N,43.704271329136745,-79.5123981726619
M9P,43.69173929651166,-79.53270219961247
M9R,43.688168239655134,-79.55599110517247
M9S,42.9904795,-81.247143
m9s,43.65462,-79.486595
M9S,43.642507,-79.4750435
M9T,43.6461435,-79.58078275
M9V,43.74017867934085,-79.58102609378959
M9W,43.71783200258624,-79.58057670948287
M9X,43.74453333333333,-79.41385100000001
m9x,43.929067,-78.473395
M9X,43.749805,-79.592481
M9Y,43.70310825,-79.495934
M9Z,43.6680912,-79.5232632
Mm2,43.767612,-79.411824
N0A,42.99124400000001,-80.09732949999999
N0B,43.524300891304335,-80.45725241304345
N0C,44.06306332142857,-80.67391800000004
N0E,43.01275116666666,-80.32406706666669
N0G,43.98773967857142,-81.06794583928571
N0H,44.53829190000001,-81.02035033333331
N0J,43.03029372413794,-80.63083820689657
N0K,43.49301592307692,-81.129974
N0L,42.843937946428575,-81.28394858928571
N0M,43.316094966101694,-81.48721659322037
N0N,43.12210007499999,-83.12584259999997
N0P,42.41992731707316,-82.1626854390244
N0R,42.25729566666667,-82.5503881190476
N0S,43.4446965,-80.95281750000001
N0T,43.456796250000004,-81.18287375
N0V,42.970187,-80.617451
N0Z,42.601344,-81.611933
N1A,42.90857510141511,-79.61658282311319
N1B,43.54788525,-80.22646025
N1C,43.49768806557378,-80.23529540983606
N1E,43.56210162783167,-80.24341523543681
N1G,43.52030611644661,-80.23139721008411
N1H,43.54249750923878,-80.26611894530684
N1J,45.11416475,-88.226049
N1K,43.529249852040806,-80.29039116836736
N1L,43.50920411499998,-80.20136161
N1M,43.70208357386364,-80.38539112878787
N1N,43.782234,-80.50343525
N1P,43.34184635714287,-80.26829958333335
N1R,43.36504056901618,-80.30698499412642
N1S,43.35332138627185,-80.3285578236877
N1T,43.39065186231879,-80.29739740217397
N1V,43.698721,-79.69046933333333
N1W,43.8021505,-79.3170685
N1X,43.89791325,-78.910648
N1Y,43.454263,-80.2528315
N2A,43.44539199999999,-80.41904334782608
n2a,43.450003,-80.411983
N2A,43.438861987558354,-80.43232284603422
N2B,43.45762094623656,-80.45671108870968
n2b,43.468214,-80.441418
N2B,43.463687102564094,-80.4430256666667
N2C,43.42539943059493,-80.4530142067989
N2E,43.40764208000002,-80.51099536
n2e,43.421612,-80.50447
N2E,43.41259189274443,-80.4930587082019
N2G,43.44402040338512,-80.49176050070535
N2H,43.45578588252425,-80.48342144854385
N2J,43.47177942119565,-80.51133863451089
N2K,43.5089038,-80.50413879999999
n2k,43.519009,-80.508756
N2K,43.49603982695254,-80.49909821286374
N2L,43.471113278656034,-80.53879390316202
N2M,43.43821594068803,-80.50844037959675
N2N,43.439272142857135,-80.5445727142857
n2n,43.423636,-80.550686
N2N,43.42595987673956,-80.53592726242549
N2P,43.392882761394056,-80.42824285254692
N2R,43.395449425233615,-80.4548668691589
N2S,43.344983444444445,-80.39907444444444
N2T,43.453388,-80.573123
n2t,43.446695,-80.570581
N2T,43.45439777984086,-80.57040241379308
N2V,43.491059494505464,-80.56355553296707
N2W,43.138526000000006,-81.13946250000001
N2X,44.217135,-81.61105
N2Y,43.4318285,-80.539634
N2Z,44.17504356862746,-81.63280851820726
N3A,43.38453015634219,-80.70457102802358
N3B,43.5940701213389,-80.56326323221758
N3C,43.428748583090375,-80.30701710204092
N3E,43.38280503571429,-80.3808842142857
N3G,43.200165,-80.608467
N3H,43.39509324912695,-80.35534708148995
N3J,43.31467925,-80.4040365
N3K,42.832918,-80.301018
N3L,43.19709898650925,-80.38362498988191
N3M,42.784181000000004,-81.5826935
N3N,43.409538,-80.40707833333333
N3P,43.18420937055837,-80.23572831979696
N3R,43.168071814062515,-80.26889779531253
N3S,43.139098187599345,-80.24445521701121
N3T,43.13915284608121,-80.27399586118975
N3V,43.18525093333333,-80.309687
N3W,43.06395633887044,-79.94018971760795
N3X,43.147366500000004,-80.22631
N3Y,42.839764727817766,-80.30634156594726
N4A,43.004106666666665,-81.19203633333333
N4B,42.85259729310346,-80.48682530295564
N4C,43.07622483333333,-80.8917755
N4G,42.865062153846196,-80.73043958528424
N4J,43.375729,-80.1864792
N4K,44.56936892076494,-80.94053494990901
N4L,44.60274504469274,-80.59799443016762
N4M,43.47996933333334,-80.41218833333333
N4N,44.152157107750476,-81.02069335916812
N4P,43.2928205,-80.3388575
N4R,43.2889652,-80.7524484
N4S,43.13186510413795,-80.75048757655168
N4T,43.15009248936169,-80.73729592553192
N4V,43.11688227027027,-80.72146185135135
N4W,43.7329862882012,-80.95297831141194
N4X,43.260283736842126,-81.16193668421056
N4Y,43.472691,-80.29171199999999
N4Z,43.36513552238805,-80.98756091044777
N5A,43.37006890641912,-80.98073250425357
N5B,43.00619028571429,-81.18785928571428
N5C,43.03791888,-80.88474331999994
N5E,43.287078,-80.29476199999999
n5e,42.943137,-81.229953
N5G,43.13540175,-81.1390565
n5g,42.862696,-80.73087
N5G,43.08761971428571,-80.86848314285714
N5H,42.7732934075829,-80.98538709715639
N5J,43.3101986,-80.03934999999998
n5k,43.010983,-81.220662
N5K,43.243055,-81.15758225
N5L,42.68220477631578,-81.21836781578945
N5M,43.16167066666666,-80.52980933333333
N5N,42.8609874,-81.534748
N5P,42.7870533889717,-81.18390933383006
N5R,42.76897860770751,-81.17847747332016
N5S,43.46028875,-80.15097374999999
N5T,43.999711999999995,-88.03370183333334
N5V,43.01194851413878,-81.17520584832904
N5W,42.99156103923656,-81.19511248144221
N5X,43.042498466666665,-81.2499206888889
n5x,43.049055,-81.253376
N5X,43.03435580089819,-81.2574256497005
N5Y,43.01208382513655,-81.22768974207641
N5Z,42.97125854296872,-81.20735635937491
N6A,42.99078043439912,-81.25268792392448
N6B,42.98563800000004,-81.23400793630576
N6C,42.96112333729725,-81.24320924108095
N6E,42.9348657580645,-81.22419915053767
n6e,43.000754,-81.276368
N6E,42.949289444444446,-81.23099355555557
N6G,43.01089964285715,-81.31469923214286
n6g,43.003347,-81.315878
N6G,43.00636486071433,-81.29732599047621
N6H,42.98141765048553,-81.29540682524271
N6J,42.95740343878952,-81.27266064786797
N6K,42.951578989690745,-81.29985163917523
n6k,42.953573,-81.271853
N6K,42.95338234700856,-81.32619219999995
N6L,42.901212179310335,-81.26192197931033
N6M,42.96536727192986,-81.16121648245614
N6N,42.92852949166665,-81.13561445000005
N6P,42.91385892655368,-81.29542791525424
N6R,42.83240816666666,-81.52561666666666
N6S,43.045958375000005,-81.176380625
N6T,43.3561895,-80.45401899999999
N6V,43.000525,-81.22231333333333
N6X,42.6094935,-82.1465245
N6Y,42.992848333333335,-81.250154
N6Z,42.97267300000001,-81.242507
N7A,43.73938736833856,-81.70868506426328
N7B,43.007039,-82.395385
N7C,42.968046,-81.630355
N7E,43.575188,-80.218797
N7G,42.95681930379747,-81.62345325316464
n7g,43.004765,-81.602635
N7H,43.597499666666664,-80.24168666666667
N7J,42.976162,-82.00998849999999
N7K,42.964753,-81.290214
N7L,42.41268145720248,-82.19602241753651
n7l,42.405292,-82.172611
N7L,42.41380733684211,-82.20104122105262
N7M,42.39747474789917,-82.17792058730168
N7N,42.994063,-82.309912
N7P,42.954315,-81.609895
N7S,42.986679301941706,-82.3628878067961
N7T,42.971747760510546,-82.39150490615626
N7V,43.00135449757677,-82.38942782390956
N7W,42.97083480555556,-82.32341638888887
N7X,43.02165876363635,-82.31465274545455
N7Y,43.341452,-80.321496
N7Z,43.650866,-79.386364
N8A,42.594794155962816,-82.38702364118294
N8B,42.39810637499999,-82.767593625
N8C,42.689552,-82.11338933333333
N8E,42.291926333333336,-82.95654866666668
n8e,42.274113,-83.026092
N8E,42.262798,-82.991828
N8G,43.000663,-81.276492
N8H,42.04575559882352,-82.59908621058808
N8J,42.337653,-82.945065
N8K,42.299571,-83.027702
N8L,43.253243,-79.823222
N8M,42.17375039229028,-82.82465632879816
N8N,42.3116158989899,-82.87633221085858
N8P,42.32901565968586,-82.90095389528796
N8R,42.306348018656685,-82.91381911940306
N8S,42.329777176642374,-82.94843990802921
N8T,42.30533799185334,-82.95147184725039
N8V,42.29381969230769,-82.86405553846154
N8W,42.29049297212926,-82.98701337792642
N8X,42.29564141890167,-83.01732515708807
N8Y,42.31823608290821,-82.99389425637746
N8Z,43.610269,-79.517151
N9A,42.30858587831121,-83.02413264486742
N9B,42.299183900900886,-83.0503805801802
N9C,42.273558533333336,-83.08260506666667
n9c,42.271065,-83.082685
N9C,42.29076516062999,-83.06767838425178
N9E,42.26568249533951,-83.02486755659116
N9G,42.2500549727273,-82.99683432727272
N9H,42.23849267052019,-83.02186697109826
N9J,42.23322269204156,-83.08380398615901
N9K,42.29650425999999,-82.87178027999998
N9M,42.611195499999994,-81.916337
N9N,42.583946,-82.09447025
N9P,42.712840666666665,-81.94224666666666
N9R,42.533932799999995,-82.25872419999999
N9S,42.59636733333333,-82.20092433333333
N9T,42.55843133333334,-82.10507366666667
N9V,42.106616890995234,-83.09964089099525
N9W,43.004665,-81.26914599999999
N9X,42.165675,-82.898642
N9Y,42.04150527463651,-82.72355846688205
P0A,45.624847151515155,-79.28135406060605
P0B,45.13523388888889,-79.40066894444446
P0C,45.26077876470589,-79.93582741176469
P0E,44.89325211111111,-79.4988083888889
P0G,45.62840107142857,-80.14972428571427
P0H,46.368810428571436,-79.67034623809525
P0J,47.54556368181818,-79.90453354545457
P0K,48.32948022727272,-80.29912313636363
P0L,50.0905708235294,-82.27260164705883
P0M,46.97979217543861,-81.74376545614035
P0N,48.540344999999995,-81.35148541176471
P0P,45.872152972222224,-82.25809544444445
P0R,46.31734968749999,-83.4059208125
P0S,47.54002471428571,-84.77278185714285
P0T,49.25448678947366,-88.51770457894739
P0V,51.11755667346937,-92.30144326530615
P0W,48.81836966666667,-93.87070813333334
P0X,49.50447044444445,-93.6221211111111
P0Y,49.70145866666667,-94.97562333333333
P1A,46.292750165123515,-79.43616077623452
P1B,46.31923114114675,-79.45854610522998
P1C,46.32603530841122,-79.43757630841118
P1E,48.378092,-89.283994
P1H,45.337297145110426,-79.21529005047304
P1K,47.9529555,-96.130799
P1L,45.0431944588235,-79.31247821960784
P1M,45.011044,-79.318094
P1P,44.93275086499999,-79.3727389000001
P1R,46.276111,-83.43296
P2A,45.34733805707196,-80.02691950124068
P2B,46.36539828297872,-79.92442537872333
P2E,48.707632,-86.372144
P2G,51.023648,-114.042583
P2N,48.14548946597944,-80.03215512783498
P2P,50.117241,-118.00577200000001
P2Z,50.921964,-113.953342
P3A,46.52020405385422,-80.94563904540658
P3B,46.49261475507019,-80.95490568798749
P3C,46.49414150704222,-81.00734570422534
P3E,46.466754581926445,-80.99830766335643
P3G,46.42110626168221,-80.98908934579438
P3J,46.549927,-80.881075
P3L,46.5556689874214,-80.87183098742133
P3N,46.60973504347823,-81.00892508695648
P3P,46.63408733668343,-80.95957543216078
P3R,51.155035,-114.150476
P3X,46.441233,-81.1401
P3Y,46.41362890163935,-81.1357167704918
P3Z,46.532941,-80.920996
P4A,46.3321435,-81.0494175
P4B,51.289657,-114.011325
P4N,48.477790214027465,-81.33557498336961
P4P,48.49706988709678,-81.34806408064516
P4R,48.4758971666667,-81.37828949122807
P4W,48.476113,-81.33556
P5A,46.37810245399998,-82.65088178199983
P5E,46.25394255555557,-81.77176065185188
P5J,53.5441295,-113.4914255
P5L,43.35808,-79.843176
P5M,53.563953,-113.535791
P5N,49.416469832941154,-82.41629874588236
P6A,46.51404284326304,-84.30347815948696
P6B,46.52494063682091,-84.31489668309847
P6C,46.53602534207766,-84.3675220451207
P6K,46.53972433333333,-84.34099199999999
P6L,53.4920805,-113.4539155
P6N,49.768726,-94.489162
P7A,48.4522028728813,-89.21679773189526
P7B,48.43065688592449,-89.244381221711
P7C,48.39031955567572,-89.26307974918936
P7E,48.37448961516588,-89.2782491421802
P7G,48.4583166100386,-89.29674519305014
P7J,48.333294038461574,-89.32189611538459
P7K,48.36866829906543,-89.36209073831775
P7L,48.20446489361703,-89.52291019148939
P7P,48.405452499999996,-89.25078500000001
P7S,48.450345,-89.263467
P7V,51.73360133333333,-108.14034166666666
P8A,49.791699,-92.850492
P8L,53.712585,-113.210716
P8N,49.780743901123614,-92.83424219101113
P8T,50.09882832142857,-91.92814683333334
P8V,50.099207,-91.913781
P9A,48.6122645076628,-93.39686159386974
P9C,48.382961,-89.289537
P9H,47.347109,-86.38804099999999
P9M,49.762899,-94.467766
P9N,49.77404169000001,-94.47242093428567
P9T,50.105419,-91.918582
R0A,49.42060808823529,-96.82801938235298
R0B,55.1308435,-97.76974275999999
R0C,50.932216871428565,-97.61392798571428
R0E,50.20413366666664,-96.38315112280706
R0G,49.45061078125002,-97.93270634375001
R0H,50.10643767567567,-98.41310716216213
R0J,50.57888975,-100.22316124999999
R0K,49.635705020833335,-99.67894316666667
R0L,51.65329126923079,-100.33356300000001
R0M,49.69259831372548,-100.8726639019608
r0x,49.933224,-97.14877
R0Y,49.926696,-98.002959
R0Z,51.264704,-99.106618
R1A,50.12488607764708,-96.92843288235314
R1B,50.082358,-96.934051
R1C,47.747586999999996,-86.28021050000001
R1G,45.412394,-75.636291
R1H,49.882076,-97.124321
R1J,49.694502,-112.83961
R1M,49.834839,-97.11171
R1N,49.97283097358,-98.29201815455761
r1p,49.962371,-97.18937
R1T,43.88692,-79.04057
R1X,50.06872,-96.972232
R1Z,50.150383,-96.884454
R2A,49.87968266666667,-99.01620100000001
R2B,49.90629016666666,-97.14763549999999
R2C,49.89754874976029,-97.0103239472675
R2E,49.97213128648651,-97.02927979459464
R2G,49.941329919374326,-97.06700037304475
R2H,49.882451610248445,-97.11870828260882
R2J,49.86576660950182,-97.07480311355748
R2K,49.92087347697757,-97.08512248878387
R2L,49.907768960556865,-97.10045383526666
R2M,49.842814942042246,-97.11264281232756
R2N,49.80895311764706,-97.10069544117648
r2n,49.814802,-97.077029
R2N,49.81082562518093,-97.10058806657018
R2P,49.95634081881531,-97.16701069512189
R2R,49.93598843773587,-97.20640243773593
R2S,49.873089,-97.18491
R2T,49.8900546,-97.1014588
R2V,49.94445712539522,-97.12276347629069
R2W,49.917682917466315,-97.13320629750466
R2X,49.930898376666704,-97.16725482000007
R2Y,49.89239384355179,-97.29933549682862
R2Z,49.90602366666667,-97.05026966666668
R3A,49.902763689320444,-97.14689541747572
R3B,49.89645446666677,-97.14181436148164
R3C,49.89111268832589,-97.1406110495597
R3E,49.90820017130925,-97.1758898830082
R3G,49.887159915714264,-97.17679428999992
R3H,49.90255485258965,-97.20905813944218
R3J,49.88244866882279,-97.24099423156547
R3K,49.876839776785765,-97.29239317187498
R3L,49.86927744808744,-97.13685652823308
R3M,49.86499976813472,-97.16346589119163
R3N,49.86485092736078,-97.1949145762712
R3P,49.847258207692214,-97.20445213461545
R3R,49.85743055704695,-97.28328830335575
R3S,49.83935108333333,-97.26367499999996
R3T,49.81519506818193,-97.15465580723902
R3V,49.76688042076501,-97.15904289617488
R3W,49.9072472528736,-97.04920387356324
R3X,49.831992075,-97.06765257500004
r3x,49.868174,-97.09892
R3X,49.83159124905657,-97.06326881509429
R3Y,49.811835305309714,-97.19679152654865
R3Z,49.88276,-97.295276
R4A,50.01060877192983,-97.1003196666667
R4B,51.265428,-114.015464
R4G,49.820282500000005,-97.309282
R4H,49.872690807228935,-97.37813465060239
R4J,49.85618904347826,-97.39952752173913
R4K,49.888817208333336,-97.54154195833331
R4L,49.983818703703705,-97.70710851851852
R4N,49.831821,-92.904624
R4Z,45.93061,-65.176878
R5A,49.71609915873015,-97.08305287301587
R5B,53.524806,-113.531894
R5G,49.52776005764409,-96.6898408546366
R5H,49.66658185135136,-96.6351383513514
R5K,49.879257,-97.32149
R5N,45.516805,-65.84148
R5R,53.52858,-113.570287
R5Y,49.710170500000004,-96.944763
R5Z,49.912703,-97.101787
R6G,49.8788335,-97.1843555
R6H,51.366371,-105.79819499999999
R6K,49.868861,-99.35822
R6M,49.192887175572515,-98.10711430152658
R6N,49.194219000000004,-98.10720675
R6W,49.178200402402425,-97.94398700900895
R7A,49.84376415395086,-99.94114251771131
R7B,49.838913558457755,-99.97652096144283
R7C,49.87559547169813,-99.95402254716983
R7E,43.162699,-79.444154
R7H,49.848295,-99.948801
R7K,45.448759,-75.628452
R7N,51.150733085106445,-100.0488909696049
R7P,49.901473,-97.209804
R7R,49.837538,-99.975963
r7y,49.836505,-99.948605
R8A,54.77121293235291,-101.85713765588238
R8N,55.7441318132678,-97.8614129262899
R8P,44.174192,-77.41237
R9A,53.816643925925916,-101.24826647839511
R9K,49.233928,-100.056814
R9L,53.80275,-101.237734
R9N,49.822272,-97.097098
S0A,51.40308615533983,-102.93025491262138
S0B,49.631729,-105.988361
S0C,49.40886117543858,-103.11023777192982
S0E,52.92395942500001,-103.832815275
S0G,50.52408973275863,-104.0985192155172
S0H,50.08362044210525,-106.19817164210527
S0J,54.14146094202897,-105.96086733333331
S0K,52.266548991228085,-106.30646260526314
S0L,51.494211657894716,-108.52909444736846
S0M,53.73245230136987,-108.70580779452058
S0N,50.08565806250001,-108.54158601562503
S0P,55.497135083333326,-102.43630258333333
S0S,52.139489499999996,-104.62097349999999
S0T,51.856807,-107.36513733333334
S0V,52.862707,-104.60942750000001
S0X,50.705346,-104.0451425
S1M,52.121699,-106.707394
S1S,52.322494,-106.592605
S2A,50.93312,-102.815419
S2H,45.34878,-72.710617
S2N,51.207826,-102.474438
S2V,50.74113028000001,-104.83067688
S3B,51.222249,-102.437353
S3N,51.20958179468609,-102.46974374999992
S3W,51.211982,-102.451097
S4A,49.14263728723405,-102.99028821276607
S4B,50.485574,-104.650793
S4E,50.490402,-104.653118
S4H,49.66797978362568,-103.85428749561414
S4K,50.496437,-104.637099
S4L,50.442653755102036,-104.43501714285715
S4M,50.45948,-104.5447925
S4N,50.45326706380131,-104.57032601410351
S4P,50.4494297411347,-104.60214719030719
S4R,50.47842500962123,-104.62405348165973
S4S,50.422503358904216,-104.62466010000006
s4s,50.416494,-104.596324
S4S,50.40917345684524,-104.61568737946428
S4T,50.45850158227847,-104.64454838574275
S4V,50.4321233919129,-104.54984191601866
S4W,50.42104223880598,-104.64717059701495
S4X,50.496936102564106,-104.64661287179486
S4x,50.507148,-104.662815
S4X,50.507060499999994,-104.65583883333333
s4x,50.506605,-104.651368
S4X,50.49119779305558,-104.67326514444433
S4Y,50.475576846153864,-104.69301946153847
s4y,50.481131,-104.704903
S4Y,50.478216805555554,-104.68895161111114
S4Z,50.452104,-104.528704
s4z,50.455092,-104.577212
S4Z,50.45573685714286,-104.54276928571429
S5H,49.668274,-103.869869
S5K,43.529156,-79.65451
S5N,50.455096,-104.610984
S5V,53.193268,-105.760411
S5W,42.988067,-81.195923
S6B,53.206455,-105.705362
s6b,53.184743,-105.706447
S6H,50.393057627173185,-105.54753783773366
S6J,50.41479361739129,-105.53897114782603
S6K,50.37924037037037,-105.58367488888888
S6M,50.402272,-105.524576
S6N,50.392575,-105.534526
S6R,53.202254,-105.737458
S6T,50.445518,-104.586493
S6V,53.19590114556968,-105.73850700443035
S6W,53.07975809999999,-105.83064530000001
S6X,53.19321588888889,-105.82424680555555
S6Y,53.198539,-105.800446
S7B,52.1060125,-106.567143
S7C,52.140328,-106.683141
S7E,52.143887,-106.685806
S7G,52.130003,-106.64046675
S7H,52.115117297834026,-106.61540230956699
S7J,52.09793218773942,-106.6256274540229
S7K,52.155648285539385,-106.63932616727925
S7L,52.141801032033335,-106.7025415250696
S7M,52.13047094242678,-106.72318760938873
S7N,52.13404488199384,-106.60868019633759
S7P,52.19481781395349,-106.63044244186045
S7R,52.15453697391305,-106.68856725217395
S7S,52.15245562878788,-106.59081526515152
S7T,52.063391589147265,-106.62353986821708
S7V,52.10629669999997,-106.56986710909094
S7W,52.15170322131149,-106.56435904098356
S7X,53.157271,-107.526907
S7Z,52.117448,-106.656905
S8V,53.201817,-105.7536225
S9A,52.77833023803364,-108.29500418240615
S9H,50.28727992149522,-107.79713592616824
S9K,51.706669250000004,-107.243887
S9N,50.450435,-104.541754
S9V,53.27466310514019,-110.00920901635506
S9X,54.127765890000006,-108.43520372999984
S9Y,53.046833,-109.880784
T0A,54.42297650980391,-111.83836308823525
T0B,53.0478881858407,-111.7046445132743
T0C,52.70400269014086,-113.20986635211268
T0E,53.53755918571428,-115.53432462857143
T0G,54.873021544117655,-114.53080373529413
T0H,56.184535874999995,-118.03306435416665
T0J,51.05226905102044,-111.96759116326525
T0K,49.54226096666666,-112.7212492
T0L,50.621450118421045,-113.97407249999996
T0M,51.95381006329115,-114.12333664556967
T0N,52.14208675,-113.57930325
T0P,57.22110799999999,-111.60040183333336
T0R,52.864914,-113.686893
T0T,51.362409,-113.3156615
T0V,59.862208928571434,-111.6309752142857
T0W,52.262896999999995,-116.11820599999999
T0X,52.232431500000004,-113.5882
T0Z,53.83443,-113.414113
T1A,50.03561626607651,-110.6807567002951
T1B,50.00692742004771,-110.65688571121719
T1C,50.06023572519084,-110.68012725190833
T1E,51.7998555,-113.523702
T1G,49.791281248275894,-112.14283598620693
T1H,49.7133191606217,-112.81927996521102
T1J,49.69241504378114,-112.8271739810945
T1K,49.67848200712892,-112.83323599546331
T1L,51.17781233333333,-115.56927557471263
T1M,49.7390587857143,-112.63202561688308
T1N,49.691498,-112.73459349999999
T1P,51.053235285714315,-113.39452181250003
T1R,50.57363820265776,-111.90537595348835
T1S,50.71892989552239,-113.959454
t1s,50.709124,-113.986044
T1S,50.71985153291537,-113.96435655485897
T1T,51.04599533333334,-113.94534733333334
T1V,50.58417015750915,-113.86941395238087
T1W,51.08452913333338,-115.34483188518517
T1X,51.010576146067415,-113.83731020224722
t1x,51.030682,-113.81938
T1X,51.08281095428573,-113.84387199999995
T1Y,51.07500760492858,-113.96791610731304
T1Z,50.98944757142858,-113.85093700000002
T2A,51.053018767441834,-113.9766241996126
T2B,51.027619039577885,-113.99647676649059
T2C,50.98751507198443,-113.99376987937725
T2E,51.06696345152352,-114.04041588310274
T2G,51.03463807518111,-114.04904476902205
T2H,50.99676294089447,-114.05613314856208
T2J,50.94499864989527,-114.03882241439563
T2K,51.09546889387754,-114.06837615183686
T2L,51.08883555717256,-114.12047673804578
T2M,51.064550344142226,-114.08637218305442
T2N,51.06335745658842,-114.09629137487237
T2P,51.05404815413899,-114.06902485918218
T2R,51.04453767638487,-114.07313294752183
T2S,51.02976087227408,-114.07288533956365
T2T,51.03614729495258,-114.09573705126172
T2V,50.98306721598483,-114.09549456993348
T2W,50.9483529583673,-114.10667115673454
T2X,50.8833555181818,-114.0589502545455
T2x,50.87995,-114.082933
T2X,50.905462757024836,-114.04593046280985
T2Y,50.91230931882473,-114.09506566594109
T2Z,50.92054117073171,-113.94916864024391
t2z,50.919756,-113.929956
T2Z,50.923869933161996,-113.97733292159374
T3A,51.119003397046725,-114.14494496882726
T3B,51.08571117909177,-114.17634445929734
T3C,51.04646627807486,-114.11214387299474
t3c,51.015149,-114.087873
T3C,51.053847,-114.13921533333333
T3E,51.02478998863644,-114.11811433957203
t3e,51.021214,-114.131314
T3E,51.04134066666666,-114.098504
T3G,51.13478418719214,-114.19176288669928
T3H,51.049970610169495,-114.21101861016948
T3h,51.040129,-114.195114
T3H,51.044125072727276,-114.20789167272731
t3h,51.021186,-114.207368
T3H,51.04449465447153,-114.18606891666664
T3J,51.112978108900506,-113.95168862513096
T3K,51.16323970491805,-114.07869300819674
T3k,51.165771,-114.081999
T3K,51.1558583125,-114.08088043749999
t3k,51.16945,-114.083617
T3K,51.166623,-114.07359680000002
t3k,51.169735,-114.08809
T3K,51.168693999999995,-114.08410933333334
t3k,51.167937,-114.091282
T3K,51.145288805182346,-114.07757605854096
T3L,51.120394206593446,-114.23191077802194
T3M,50.89091070909092,-113.9666582242424
t3m,50.887559,-113.947468
T3M,50.87758666666667,-113.976517
t3m,50.889539,-113.95032
T3M,50.88990019999997,-113.97635724999996
t3m,50.885916,-113.946677
T3M,50.91078090243904,-113.98756807317073
T3N,51.14620506666666,-113.99283093333332
t3n,51.1572,-113.966507
T3N,51.14149997468356,-113.96096581012658
T3P,51.17452475238095,-114.10999490476185
T3R,51.17022838983051,-114.14807562711866
t3r,51.177683,-114.15529
T3R,51.17239111111111,-114.16313144444445
t3r,51.158766,-114.160354
T3R,51.17217926666667,-114.15698019999999
t3r,51.160091,-114.154119
T3R,51.16716902919707,-114.2104596058394
t3r,51.158041,-114.126513
T3R,51.13199766666667,-114.19442250000002
T3S,50.989198200000004,-113.94638813333333
T3T,51.41804181818181,-112.43260727272728
T3V,51.104271125,-114.0139005
T3W,52.43823125,-113.74091
T3X,51.06276325,-114.110336875
T3Y,50.98873216666667,-114.08630516666666
T3Z,51.08088776438856,-114.31640266187046
T4A,51.27920073469386,-113.9816794693877
t4a,51.26743,-113.988414
T4A,51.269713624999994,-113.978933125
t4a,51.262054,-113.991077
T4A,51.266217250000004,-113.98355400000001
t4a,51.263186,-113.990876
T4A,51.26293733333333,-113.9808585
t4a,51.259367,-113.991365
T4A,51.28066682042253,-113.9875721161971
T4B,51.27951249019607,-114.03347490196079
t4b,51.307012,-114.04378
T4B,51.28886149038462,-114.02233799038459
t4b,51.262151,-114.033388
T4B,51.28722262569835,-114.02919078212295
t4b,51.304154,-114.042448
T4B,51.258843000000006,-114.028926
t4b,51.253394,-114.024414
T4B,51.386640045454556,-114.03633904545454
T4C,51.19810678095239,-114.4706494095238
t4c,51.159615,-114.476577
T4C,51.224598326797356,-114.47954913725489
T4E,52.24475489189187,-113.7157787567567
T4G,52.02658710280373,-113.95377409813085
T4H,51.79477541395354,-114.1126861162791
t4h,53.551283,-113.512108
T4H,51.82714507142858,-114.09619321428568
T4J,52.67194792063491,-113.58475017460312
T4K,51.21186266666667,-114.17004166666668
T4L,52.46371196793006,-113.73908526822161
T4M,51.674507199999994,-113.9279534
T4N,52.26474183735797,-113.81254555823857
T4P,52.29170961267604,-113.81831338732404
t4p,52.31187,-113.821254
T4P,52.300409,-113.8120305
T4R,52.25430463743677,-113.77446707757159
T4S,52.29552847425473,-114.0574052303523
T4T,52.36849258638744,-114.89894817801044
T4V,53.01294850805588,-112.83661195059075
T4W,52.523777599999995,-113.7292176
T4X,53.35473705660377,-113.42062605660381
t4x,53.364062,-113.427748
T4X,53.3590731736527,-113.41616365868273
T4Y,50.916355,-114.086396
T4Z,52.2713875,-113.96325350000001
T5A,53.577795850931686,-113.43397033126301
T5B,53.55581858703483,-113.4791287442979
T5C,53.58403964017991,-113.47403243928022
T5E,53.582777985880355,-113.5086052906977
T5G,53.5609181243941,-113.50679491922477
T5H,53.54486388633617,-113.49569830471594
T5J,53.52761694131181,-113.49884981242697
T5K,53.535662148571426,-113.51016278666671
T5L,53.58512123769634,-113.54663641361257
T5M,53.56593985006702,-113.54871477108436
T5N,53.556943676549885,-113.54351179919138
T5P,53.559793836689096,-113.57290545973152
T5R,53.541623216989834,-113.55714418282545
T5S,53.552006459740305,-113.64018799740268
T5T,53.51577615110753,-113.63888795174059
T5V,53.58114266265063,-113.59142602409636
T5W,53.54128000207468,-113.44783029875514
T5X,53.618601115384614,-113.53008753846153
t5x,53.628684,-113.532815
T5X,53.60299312090156,-113.53781942725419
T5Y,53.61042777108434,-113.42926361445784
t5y,53.615355,-113.387427
T5Y,53.62818010000001,-113.4150516
t5y,53.63196,-113.426764
T5Y,53.620242600000005,-113.4556632
t5y,53.661318,-113.3653
T5Y,53.605609052364926,-113.40171185135141
T5Z,53.579234261904766,-113.53691250000003
t5z,53.510325,-113.620081
T5Z,53.63908366666667,-113.466632
t5z,53.642674,-113.467204
T5Z,53.641643,-113.473823
t5z,53.593712,-113.477298
T5Z,53.59632177396019,-113.51869886618448
T6A,53.53271925068497,-113.44888158904104
T6B,53.51747768609865,-113.43188088041862
T6C,53.521874352313134,-113.46001630011857
t6c,53.486469,-113.457015
T6C,53.51340999999999,-113.48155225000001
T6E,53.509601861019746,-113.47975518174336
T6G,53.50300474953629,-113.51961987013019
T6H,53.5076337649219,-113.51207340955013
T6J,53.473349351087734,-113.50491917554392
T6K,53.46486900393702,-113.44788536876644
T6L,53.46216947589832,-113.41420851358465
T6M,53.48389168292684,-113.66693901219514
t6m,53.482521,-113.66708
T6M,53.482399,-113.667737
t6m,53.480763,-113.619927
T6M,53.48822510677085,-113.63782193229169
T6N,53.46074139344261,-113.4859942868852
T6P,53.503097278301865,-113.38285194339615
T6R,53.45988210076341,-113.57856932977106
T6S,53.56263989230768,-113.36296147692309
T6T,53.463867760563375,-113.37518011267606
t6t,53.4517345,-113.3901625
T6T,53.450409,-113.39231
t6t,53.450426,-113.391067
T6T,53.472428699187,-113.39440975609759
T6V,53.61082588235295,-113.56220076470588
t6v,53.629527,-113.558396
T6V,53.61629531868132,-113.58333222527477
T6W,53.429316753521135,-113.57101900704227
t6w,53.404178,-113.528703
T6W,53.403823333333335,-113.532046
t6w,53.401638,-113.526259
T6W,53.415533124999996,-113.57667587499999
t6w,53.402972,-113.56711
T6W,53.4029185,-113.5634235
t6w,53.402147,-113.575911
T6W,53.42535465486721,-113.53523148672562
T6X,53.448595364406785,-113.48916305932202
t6x,53.414262,-113.449254
T6X,53.418398950000004,-113.44318290000001
t6x,53.419173,-113.433069
T6X,53.418230461538464,-113.45544130769233
t6x,53.422496,-113.436221
T6X,53.430832266055035,-113.45280772477062
t6x,53.419824,-113.430774
T6X,53.43577465384615,-113.46642573076923
t6x,53.41625,-113.447771
T6X,53.546395600000004,-113.49876160000001
T6Y,53.55439833333333,-113.49878716666667
T6Z,53.515829000000004,-113.48431016666666
T7A,53.225868390804614,-114.96931817241381
t7a,53.567989,-113.90317
T7A,53.220611,-114.976481
T7B,45.617457,-74.171629
T7C,53.527853,-114.003671
T7E,53.5842236020408,-116.41728120918377
T7G,49.789346,-112.160111
T7H,51.5750375,-113.20717450000001
T7J,53.464949,-113.538751
T7K,53.545708,-113.9169205
T7M,49.727539,-112.614082
T7N,54.10557063559321,-114.40064416949149
T7P,54.15472534090912,-113.85572774350646
T7R,53.564976,-113.907271
T7S,54.118553473958336,-115.67090305208336
T7V,53.404955933333326,-117.57023008333343
T7X,53.557223057142856,-113.91041114285713
t7x,53.54896,-113.946711
T7X,53.559326,-113.905527
t7x,53.559502,-113.867137
T7X,53.5625325,-113.86573250000001
t7x,53.56194,-113.865844
T7X,53.54764440143884,-113.89850143740985
t7x,53.55988,-113.918995
T7X,53.559515,-113.901837
T7Y,53.44103893150686,-113.8451979178082
T7Z,53.526518289099606,-114.01077380568704
T8A,53.525984379106966,-113.29217399831508
T8B,53.480101226415094,-113.29069504716982
T8C,53.46121966666666,-113.20309238888892
T8E,53.51549629139076,-113.13467677483446
T8G,53.47353926000001,-113.01025097999995
T8H,53.55193888940087,-113.2803236658986
T8K,53.81448871428571,-114.21838871428574
T8L,53.686996701754374,-113.23074033333333
t8l,53.681105,-113.203217
T8L,53.70337756444446,-113.2215082103704
T8M,53.57963942857143,-113.49346371428571
T8N,53.64367399339197,-113.63272442731288
T8R,53.79092794358975,-113.63880766153851
T8S,56.231582328124965,-117.28844229166661
T8T,53.628831136363644,-113.67332659090911
T8V,55.17096737541308,-118.79548584005276
T8W,55.13011694915256,-118.75334399435036
T8X,55.16912030434782,-118.76712930434779
t8x,55.159492,-118.760902
T8X,55.1796287777778,-118.76998898518518
t8x,55.165469,-118.641058
T8X,55.0320304,-118.24247240000003
T8Y,55.151752,-118.776693
T8Z,53.19892433333333,-115.37374666666666
T9A,52.97256471603053,-113.3756626641222
T9B,53.654404,-110.087327
T9C,53.495868601190466,-112.05614955357143
T9E,53.26780823661599,-113.54692842828798
T9G,53.35637656916995,-113.72386425296445
T9H,56.70601859877301,-111.37578641104305
T9J,56.70835100000003,-111.37418801000011
T9K,56.72904243429847,-111.45809842761692
T9L,53.680328,-113.2388895
T9M,54.434189490421424,-110.21397378160921
T9N,54.25469961587303,-110.76515604761904
T9P,52.603415999999996,-113.960928
T9R,53.94425733333333,-112.662842
T9S,54.69841613872835,-113.30710377456653
T9T,55.101984,-112.41916749999999
T9V,53.27557255873015,-110.02616768730144
T9W,52.84000857714286,-110.8456350800001
T9X,53.35362479459456,-110.88492065945941
T9Z,53.2742455,-110.006753
V0A,50.934064133333344,-116.61305719999996
V0B,49.55273519178084,-115.84548987671236
V0C,56.98405373913043,-122.56645102173907
V0E,50.8354952654867,-119.38491151327437
V0G,49.66222224444444,-117.64672204444443
V0H,49.35454788607593,-119.25143856962032
V0J,54.70666367948717,-125.68528919230769
V0K,51.31824558620688,-121.38450424137929
V0L,51.910837923076926,-123.43957073076922
V0M,49.35328940540543,-122.21039478378373
V0N,49.78994279999999,-124.13142253793102
V0P,50.1651205,-125.33630384374999
V0R,49.054859681415955,-124.19650682300886
V0S,48.58414971875001,-123.83589346875002
V0T,53.28061046666666,-129.20064053333337
V0V,53.92827314814816,-129.45864929629627
V0W,59.57430275,-133.15298375000003
V0X,49.25535090384616,-120.88033513461538
V0Y,49.377427,-121.426354
V1A,49.67641967209782,-115.97500736456205
V1a,49.489881,-119.579585
V1A,49.662268,-115.943517
V1B,50.246479329032255,-119.23811777419357
V1C,49.516640375704014,-115.76731836041812
V1E,50.69123471604941,-119.27733872067883
V1G,55.761931365972934,-120.23856382129757
V1H,50.23731886923079,-119.36940288461537
V1h,50.192321,-119.50764
V1H,50.277938875000004,-119.362140625
V1J,56.24570732432439,-120.83779524006354
V1K,50.11814389864864,-120.78986631081082
V1L,49.497713511054336,-117.27858823469413
V1M,49.17007818730155,-122.60495192063476
V1N,49.307326880376245,-117.66298554435495
V1P,49.88340179850744,-119.31814938805967
V1R,49.09887856896543,-117.7052719098144
V1S,50.63072129310345,-120.39109037499996
V1T,50.263838113140864,-119.27214428874453
V1V,49.921967592326105,-119.43670260431645
V1W,49.832575262352925,-119.47395614823529
V1X,49.89529707608698,-119.392333099275
V1Y,49.88138597469801,-119.47889413973586
V1Z,49.8865558411669,-119.55034430470008
V2A,49.486518625480166,-119.58292443469901
V2B,50.7093341452255,-120.37381870291813
V2C,50.667597352941186,-120.29613700000002
v2c,50.658193,-120.11648
V2C,50.66807288763073,-120.28646249303148
V2E,50.635657067605635,-120.34366595774648
V2G,52.133843766509564,-122.1355399988206
V2H,50.72422241573035,-120.29098478089885
V2J,52.97888322285717,-122.48232772979603
V2K,53.97801183080267,-122.78782099674598
V2L,53.903318214285704,-122.74805167910418
V2M,53.92135862342032,-122.79409057792735
V2N,53.87508266666666,-122.77186505555558
v2n,53.910331,-122.787066
V2N,53.86751975455344,-122.77408144752818
V2P,49.17205495991412,-121.94486665926979
V2R,49.11192793649285,-121.97479300284338
V2S,49.04779467895426,-122.28405851005304
V2T,49.04973561224502,-122.34102107483014
V2V,49.202884315789476,-122.26101110526318
v2v,49.133253,-122.339837
V2V,49.148368252208904,-122.30549197349376
V2W,49.199356401360525,-122.51646376190483
V2X,49.219907987328575,-122.61149763199599
V2Y,49.13006496641796,-122.64530589552257
V2Z,49.06214657511734,-122.60048128638493
V3A,49.088793178681506,-122.65515532655571
V3B,49.277011886444306,-122.76767993470555
V3C,49.262917879999996,-122.78504440000002
V3c,49.294262,-122.809801
V3C,49.25496291651202,-122.78540833487945
V3E,49.294750404999995,-122.78508151333322
V3G,49.067899999999995,-122.22273111764704
v3g,49.064888,-122.2411
V3G,49.06240353605774,-122.21000744471141
V3H,49.28719928777784,-122.85493760777777
V3J,49.2595179232505,-122.86568378103803
V3K,49.24079526423103,-122.85503291928629
V3L,49.213014849765315,-122.91030084037554
V3l,49.265447,-122.754744
V3L,49.2212034099617,-122.9013988620691
V3M,49.19951161848736,-122.93326206890748
V3N,49.223082280339796,-122.9352676929611
V3P,49.27916025925926,-122.77402822222221
V3R,49.19018641489368,-122.80698133191524
V3S,49.11285836016713,-122.76667300418187
V3T,49.19018293756402,-122.8490211658135
V3V,49.18001537317789,-122.87135535860058
V3W,49.1347850345369,-122.85645840188383
V3X,49.11202957461411,-122.85580095025736
V3Y,49.22314372654154,-122.6884441769437
V3Z,49.22494160550462,-122.63446041284402
V4A,49.040310371225615,-122.8309041628182
V4B,49.02621350819669,-122.80241278454339
V4C,49.15499679809806,-122.9085122099486
V4E,49.12382549148934,-122.90501269148945
V4G,49.13514601754387,-122.99365774561402
V4H,48.348940999999996,-108.197437
V4K,49.091463624544275,-123.07366176913735
V4L,49.024602900311486,-123.05602345171347
V4M,49.019639063291166,-123.0806140996835
V4N,49.16926568709151,-122.75278627450977
V4P,49.05435164990684,-122.8062518305401
V4R,49.232639870801044,-122.55963795090449
V4S,49.180767695652186,-122.3700407913043
V4T,49.83763694819807,-119.6395141171171
V4V,50.04084243674695,-119.45628725301204
V4W,49.06997214146344,-122.49970033170733
V4X,49.07406877428573,-122.39968123714299
V4Y,49.43513166666667,-121.867097
V4Z,49.12290497142859,-121.85986385714286
V5A,49.264097867801034,-122.94197464267013
V5B,49.273105863576156,-122.97689855099328
V5C,49.26839113043477,-122.99884173913046
v5c,49.265969,-122.9953
V5C,49.27947233333333,-122.99692833333334
v5c,49.26733,-123.006189
V5C,49.27478839999999,-123.0042424
v5c,49.264593,-122.995664
V5C,49.27616664836226,-123.00763572061706
V5E,49.22617099696045,-122.95714023860191
V5G,49.250522857142855,-122.99854357142856
v5g,49.253806,-123.010827
V5G,49.24773767128992,-122.99975690429957
V5H,49.23003503319506,-122.9982309557399
v5h,49.219474,-122.952828
V5H,49.229065874999996,-122.99812187500001
V5J,49.211713562499995,-122.98097118750002
v5j,49.215755,-122.9792
V5J,49.21355823317306,-122.99512736778827
V5K,49.27907443403209,-123.04121954500586
V5L,49.278208555555544,-123.06640205620923
V5M,49.26084129564032,-123.07491287057222
V5N,49.253930909090904,-123.07289609090911
v5n,49.242918,-123.060149
V5N,49.25615751206137,-123.07894904714921
V5P,49.22459044398911,-123.07926106557372
V5R,49.24009445567012,-123.05503875773204
V5S,49.2198358148148,-123.04598811934159
V5T,49.262023683982626,-123.09767004328991
V5V,49.2493293072139,-123.09677387935318
V5W,49.23238466216216,-123.09575663344599
V5X,49.21668912027033,-123.09872247297304
V5Y,49.25235559489632,-123.10842184848497
V5Z,49.25196079367257,-123.11716151856945
V6A,49.2788340302571,-123.09346007261715
V6B,49.2856794590164,-123.11275713114756
v6b,49.278945,-123.11224
V6B,49.2806876728723,-123.11440891489352
v6b,49.235694,-123.179314
V6B,49.277263642533974,-123.11152099999984
V6C,49.28356458283431,-123.11627773453111
V6E,49.28521146474818,-123.12400600287836
V6G,49.289354464818814,-123.13505411087408
v6g,49.262287,-123.148019
V6G,49.29870783333333,-123.137207
V6H,49.257237781733785,-123.12334003405596
V6J,49.26629931840796,-123.13542033830849
v6j,49.263853,-123.144691
V6J,49.258616216296254,-123.14035212592616
V6K,49.26478559760953,-123.15051162549807
V6L,49.24955102455361,-123.1530172053571
V6M,49.2340223130564,-123.14108510089004
V6N,49.23465050535982,-123.17377823277171
V6P,49.216117826889324,-123.13369154217915
V6R,49.264720181311034,-123.19189862761527
V6S,49.2507929671641,-123.18517758208965
V6T,49.263940306501624,-123.25038126625407
V6V,49.18619283595502,-123.05227345842692
V6W,49.155538140350885,-123.051946131579
V6X,49.18364823342539,-123.11831514088388
V6Y,49.158539890804626,-123.13080665948286
V6Z,49.27791598839908,-123.12493490255214
V7A,49.13836529206734,-123.11883595673083
V7B,49.19164328387096,-123.16013070967747
V7C,49.160044374596225,-123.1696971883744
V7E,49.13461626205646,-123.17344313284804
V7G,49.318981980609394,-122.95704451523541
V7H,49.317545045454615,-122.99690459330155
V7J,49.323710000000005,-123.03410860909091
V7K,49.34398539192399,-123.03904107838488
V7L,49.316746189295024,-123.06426233028752
V7M,49.32094304743831,-123.07854545351023
V7N,49.34048499258156,-123.07351833827906
V7P,49.32461728913442,-123.11216387661148
V7R,49.34855240846992,-123.09949623224054
V7S,49.34945576470583,-123.15547771459708
V7T,49.33173786010363,-123.14527944041461
V7V,49.336763488590556,-123.1836186268456
V7W,49.35801007929517,-123.26355715859022
V7X,49.287549165467645,-123.1159008345323
V7Y,49.27906908333334,-123.11832461904767
V7Z,49.265909,-123.11439
v7z,49.274753,-123.116172
V7Z,49.01830133333333,-123.19610466666667
V8A,49.84252094909862,-124.5203210540828
V8B,49.72240934899324,-123.14276013422817
V8C,54.060730221893486,-128.645769893491
V8E,49.3314805,-123.223242
V8G,54.51378868177132,-128.5813197981458
V8J,54.31118672701946,-130.3098647855154
V8K,48.849183088541686,-123.49830528906257
V8L,48.64701211402636,-123.41672318062581
V8M,48.590808,-123.423713
v8m,48.591736,-123.38817
V8M,48.58115987368424,-123.4276105719298
V8N,48.47601607692316,-123.31595218043685
V8P,48.45841535973598,-123.33523749945002
V8R,48.4369615213443,-123.32337206993664
V8S,48.41834950411279,-123.32662476498231
V8T,48.43979940778924,-123.35721073997692
V8V,48.418922085350324,-123.36377302420382
V8W,48.434026901129975,-123.36501178672354
V8X,48.47089383826884,-123.36806102164026
V8Y,48.51983289429174,-123.3721517484142
V8Z,48.48156457931576,-123.3969698818043
V9A,48.44473808249027,-123.41779341322946
V9B,48.455517715467316,-123.49444365012376
V9C,48.41926348068666,-123.50597818597996
V9E,48.52768839873417,-123.43990705696206
V9G,49.000898491596665,-123.81867567226897
V9H,49.946366016042795,-125.20724027272719
V9J,49.79426812849162,-125.07973266480447
V9K,49.34839022777777,-124.47120595833324
V9L,48.78708069439723,-123.7012662020375
V9M,49.684444437967144,-124.92515844693571
V9N,49.68577557604226,-124.97269618261872
V9P,49.31282931150793,-124.29337736309525
V9R,49.157223996680656,-123.95294734107881
V9S,49.18052325,-123.96422475000001
v9s,49.179288,-123.950133
V9S,49.18649781461869,-123.96585777330523
V9T,49.21611545454546,-124.00989527272726
v9t,49.21613,-124.04215
V9T,49.21370126892246,-124.00342778895799
V9V,49.23142291878174,-124.02966288324886
V9W,49.98483825,-125.24532674999999
v9w,49.954826,-125.205123
V9W,50.00394348837212,-125.2447831712474
V9X,49.10501112953374,-123.88582848704661
V9Y,49.25005375544176,-124.80939912419963
V9Z,48.3820182984496,-123.72347236434108
v9z,48.384426,-123.688801
V9Z,48.40644519999999,-123.61477119999999
X0A,68.89568265217392,-78.0785006521739
X0B,68.30887028571429,-100.789516
X0C,63.49949857142857,-90.73437885714286
X0E,63.7572400862069,-119.43733556896551
X0G,60.254365,-123.42166200000001
X0X,57.1055375,-86.5603385
X1A,62.44572801841621,-114.37989939778988
X1X,44.592665999999994,-82.7156985
X2J,43.772589,-79.361207
X2X,51.086151,-114.082009
X6J,45.032292,-74.738832
X7X,43.771975,-79.336661
X8X,43.226116,-79.831451
X9A,63.748432,-68.527521
X9C,48.429398,-123.527127
X9X,43.645854,-79.710883
XR1,49.831922,-97.128882
Y0A,60.1200782,-130.1780046
Y0B,62.29614736363636,-136.5244675
Y0G,64.059934,-139.428999
Y1A,60.72983612660535,-135.0810199559631
Y1H,49.714371,-112.80432
Y1Y,51.08091,-113.939619
Y2A,51.039254,-113.934231
Y2B,51.039653,-113.967855
Y2X,49.221609,-122.587547
Y3G,51.136467,-114.190926
Y3H,51.030294,-114.193489
Y3K,51.170336,-114.058387
Y5H,53.54701,-113.517642
Y5P,53.55091,-113.519477
Y6E,53.519059,-113.491666
Y6J,53.53279,-113.503383
Y6K,53.496666,-113.42623
Y6Y,49.169951,-123.140317
Y8y,48.526925,-123.367429
Y9M,54.41471,-110.193806
